-- phpMyAdmin SQL Dump
-- version 5.2.0
-- https://www.phpmyadmin.net/
--
-- Host: 127.0.0.1
-- Generation Time: Jul 29, 2023 at 07:34 PM
-- Server version: 10.4.27-MariaDB
-- PHP Version: 8.1.12

SET SQL_MODE = "NO_AUTO_VALUE_ON_ZERO";
START TRANSACTION;
SET time_zone = "+00:00";


/*!40101 SET @OLD_CHARACTER_SET_CLIENT=@@CHARACTER_SET_CLIENT */;
/*!40101 SET @OLD_CHARACTER_SET_RESULTS=@@CHARACTER_SET_RESULTS */;
/*!40101 SET @OLD_COLLATION_CONNECTION=@@COLLATION_CONNECTION */;
/*!40101 SET NAMES utf8mb4 */;

--
-- Database: `db_cw`
--

-- --------------------------------------------------------

--
-- Table structure for table `customer_mails`
--

CREATE TABLE `customer_mails` (
  `id` int(11) NOT NULL,
  `customer_id` int(11) NOT NULL,
  `subject` varchar(200) NOT NULL,
  `message` text NOT NULL,
  `from` varchar(20) NOT NULL DEFAULT 'customer',
  `date` varchar(20) NOT NULL,
  `time` varchar(20) NOT NULL,
  `status` varchar(20) NOT NULL DEFAULT 'pending'
) ENGINE=InnoDB DEFAULT CHARSET=utf8mb4 COLLATE=utf8mb4_general_ci;

--
-- Dumping data for table `customer_mails`
--

INSERT INTO `customer_mails` (`id`, `customer_id`, `subject`, `message`, `from`, `date`, `time`, `status`) VALUES
(1, 10, ' Issue with Train Booking', 'I\'m having trouble booking a train ticket. Whenever I try to make a payment, an error occurs, preventing me from completing the booking process. Can you please look into this and help me fix it?', 'customer', '', '', 'read'),
(2, 10, 'Booking Cancellation', 'I would like to know whether we can cancel our bookings and about the refunds we might get', 'customer', '', '', 'read'),
(3, 11, 'Issue with Seat Reservation', 'I am facing an issue while trying to reserve seats for my train journey. Every time I select the desired seats and proceed to payment, the system gives an error message and doesn\'t complete the reservation. I\'ve tried multiple times, but the problem persists. Can you please look into this matter and help me reserve the seats for my trip', 'customer', '', '', 'read'),
(4, 12, 'Unable to Access My Account', 'I\'m having trouble accessing my account on the train booking website. When I try to log in using my username and password, I receive an error message saying \"Invalid credentials.\" I haven\'t changed my login details recently, so I\'m unsure why I can\'t log in. Can you please help me regain access to my account or provide guidance on how to reset my password?', 'customer', '', '', 'read'),
(5, 10, 'Booking Cancellation Reply', 'Will check this and get back with you soon', 'admin', '', '', 'read'),
(8, 11, '', 'will look into that and get back to you.. Thank you', 'admin', '2023-07-28', '16:06', 'read'),
(9, 10, '', 'check your emails', 'admin', '2023-07-29', '10:14', 'read'),
(10, 10, '', 'Will Try to do', 'customer', '2023-07-29', '22:03', 'pending');

-- --------------------------------------------------------

--
-- Table structure for table `tbl_bookings`
--

CREATE TABLE `tbl_bookings` (
  `id` int(11) NOT NULL,
  `date` varchar(20) NOT NULL,
  `customer_id` int(11) NOT NULL,
  `daily_train_id` int(11) NOT NULL,
  `booked_seats` int(11) NOT NULL,
  `class` varchar(10) NOT NULL,
  `seat` varchar(10) NOT NULL,
  `discount` float NOT NULL DEFAULT 0,
  `total_payment` float NOT NULL,
  `payment_status` varchar(20) NOT NULL DEFAULT 'no',
  `status` varchar(20) NOT NULL DEFAULT 'active'
) ENGINE=InnoDB DEFAULT CHARSET=utf8mb4 COLLATE=utf8mb4_general_ci;

--
-- Dumping data for table `tbl_bookings`
--

INSERT INTO `tbl_bookings` (`id`, `date`, `customer_id`, `daily_train_id`, `booked_seats`, `class`, `seat`, `discount`, `total_payment`, `payment_status`, `status`) VALUES
(9, '2023-07-27 ', 10, 353, 5, '2', 'w', 0, 5000, 'yes', 'active'),
(10, '2023-07-27 ', 10, 376, 5, '1', 'w', 0, 1250, 'yes', 'active'),
(11, '2023-07-29 ', 10, 432, 2, '3', 'm', 0, 100, 'yes', 'active'),
(12, '2023-07-29 ', 10, 366, 10, '1', 'w', 0, 15000, 'yes', 'active');

-- --------------------------------------------------------

--
-- Table structure for table `tbl_customer`
--

CREATE TABLE `tbl_customer` (
  `id` int(11) NOT NULL,
  `cus_name` varchar(50) NOT NULL,
  `usermail` varchar(100) NOT NULL,
  `password` varchar(255) NOT NULL,
  `verification_code` varchar(20) NOT NULL,
  `no_of_bookings` int(11) NOT NULL DEFAULT 0,
  `loyalty_reward` varchar(20) NOT NULL DEFAULT '0',
  `loyalty_status` varchar(20) NOT NULL DEFAULT 'not accessed',
  `level` varchar(20) NOT NULL DEFAULT 'Traveler',
  `mobile` varchar(20) NOT NULL,
  `status` varchar(20) NOT NULL DEFAULT 'Active'
) ENGINE=InnoDB DEFAULT CHARSET=utf8mb4 COLLATE=utf8mb4_general_ci;

--
-- Dumping data for table `tbl_customer`
--

INSERT INTO `tbl_customer` (`id`, `cus_name`, `usermail`, `password`, `verification_code`, `no_of_bookings`, `loyalty_reward`, `loyalty_status`, `level`, `mobile`, `status`) VALUES
(10, 'Ishu Nawodya', 'ishunawodya201@gmail.com', '626a61a4866e7c312853f1d896eeba03', 'yes', 13, '0', 'not accessed', 'Traveler', '0555780129', 'Active'),
(11, 'Nawo', 'nawodyaherath201@gmail.com', 'ddeebdeefdb7e7e7a697e1c3e3d8ef54', 'yes', 65, '2', 'not accessed', 'Traveler Plus', '', 'Active'),
(12, 'Ishu', 'geshniklamenta@gmail.com', 'e10adc3949ba59abbe56e057f20f883e', 'yes', 120, '0', 'not accessed', 'Elite Traveler', '', 'Active');

-- --------------------------------------------------------

--
-- Table structure for table `tbl_daily_trains`
--

CREATE TABLE `tbl_daily_trains` (
  `id` int(11) NOT NULL,
  `daily_code` varchar(20) NOT NULL,
  `date` varchar(20) NOT NULL,
  `day` varchar(20) NOT NULL,
  `schedule_id` int(11) NOT NULL,
  `delay` varchar(20) NOT NULL DEFAULT 'no',
  `booked_seats` int(11) NOT NULL,
  `mclass_1` varchar(10) NOT NULL DEFAULT '0',
  `wclass_1` varchar(10) NOT NULL DEFAULT '0',
  `mclass_2` varchar(10) NOT NULL DEFAULT '0',
  `wclass_2` varchar(10) NOT NULL DEFAULT '0',
  `mclass_3` varchar(10) NOT NULL DEFAULT '0',
  `wclass_3` varchar(10) NOT NULL DEFAULT '0',
  `remainning_seats` int(11) NOT NULL,
  `emergency_message` text NOT NULL,
  `delay_stat` varchar(20) NOT NULL DEFAULT 'no',
  `cancel_stat` varchar(20) NOT NULL DEFAULT 'no',
  `status` varchar(20) NOT NULL DEFAULT 'active'
) ENGINE=InnoDB DEFAULT CHARSET=utf8mb4 COLLATE=utf8mb4_general_ci;

--
-- Dumping data for table `tbl_daily_trains`
--

INSERT INTO `tbl_daily_trains` (`id`, `daily_code`, `date`, `day`, `schedule_id`, `delay`, `booked_seats`, `mclass_1`, `wclass_1`, `mclass_2`, `wclass_2`, `mclass_3`, `wclass_3`, `remainning_seats`, `emergency_message`, `delay_stat`, `cancel_stat`, `status`) VALUES
(2, '', '2023-06-30', 'Friday', 0, 'no', 0, '0', '0', '0', '0', '0', '0', 0, '', 'no', 'no', 'active'),
(3, '230701-Sat01', '2023-07-01', 'Saturday', 95, '00.00', 0, '0', '0', '0', '0', '0', '0', 0, '', 'no', 'no', 'active'),
(4, '230701-Sat02', '2023-07-01', 'Saturday', 88, '00.00', 0, '0', '0', '0', '0', '0', '0', 0, '', 'no', 'no', 'active'),
(5, '230701-Sat03', '2023-07-01', 'Saturday', 99, '00.00', 0, '0', '0', '0', '0', '0', '0', 0, '', 'no', 'no', 'active'),
(6, '230701-Sat04', '2023-07-01', 'Saturday', 90, '00.00', 0, '0', '0', '0', '0', '0', '0', 0, '', 'no', 'no', 'active'),
(7, '230701-Sat05', '2023-07-01', 'Saturday', 94, '00.00', 0, '0', '0', '0', '0', '0', '0', 0, '', 'no', 'no', 'active'),
(8, '230701-Sat06', '2023-07-01', 'Saturday', 89, '00.00', 0, '0', '0', '0', '0', '0', '0', 0, '', 'no', 'no', 'active'),
(9, '230701-Sat07', '2023-07-01', 'Saturday', 91, '00.00', 0, '0', '0', '0', '0', '0', '0', 0, '', 'no', 'no', 'active'),
(10, '230701-Sat08', '2023-07-01', 'Saturday', 92, '00.00', 0, '0', '0', '0', '0', '0', '0', 0, '', 'no', 'no', 'active'),
(11, '230701-Sat09', '2023-07-01', 'Saturday', 93, '00.00', 0, '0', '0', '0', '0', '0', '0', 0, '', 'no', 'no', 'active'),
(12, '230701-Sat10', '2023-07-01', 'Saturday', 96, '00.00', 0, '0', '0', '0', '0', '0', '0', 0, '', 'no', 'no', 'active'),
(13, '230701-Sat11', '2023-07-01', 'Saturday', 97, '00.00', 0, '0', '0', '0', '0', '0', '0', 0, '', 'no', 'no', 'active'),
(14, '230701-Sat12', '2023-07-01', 'Saturday', 98, '00.00', 0, '0', '0', '0', '0', '0', '0', 0, '', 'no', 'no', 'active'),
(15, '230702-Sun01', '2023-07-02', 'Sunday', 23, '00.00', 0, '0', '0', '0', '0', '0', '0', 0, '', 'no', 'no', 'active'),
(16, '230702-Sun02', '2023-07-02', 'Sunday', 13, '00.00', 0, '0', '0', '0', '0', '0', '0', 0, '', 'no', 'no', 'active'),
(17, '230702-Sun03', '2023-07-02', 'Sunday', 27, '00.00', 0, '0', '0', '0', '0', '0', '0', 0, '', 'no', 'no', 'active'),
(18, '230702-Sun04', '2023-07-02', 'Sunday', 15, '00.00', 0, '0', '0', '0', '0', '0', '0', 0, '', 'no', 'no', 'active'),
(19, '230702-Sun05', '2023-07-02', 'Sunday', 22, '00.00', 0, '0', '0', '0', '0', '0', '0', 0, '', 'no', 'no', 'active'),
(20, '230702-Sun06', '2023-07-02', 'Sunday', 14, '00.00', 0, '0', '0', '0', '0', '0', '0', 0, '', 'no', 'no', 'active'),
(21, '230702-Sun07', '2023-07-02', 'Sunday', 19, '00.00', 0, '0', '0', '0', '0', '0', '0', 0, '', 'no', 'no', 'active'),
(22, '230702-Sun08', '2023-07-02', 'Sunday', 20, '00.00', 0, '0', '0', '0', '0', '0', '0', 0, '', 'no', 'no', 'active'),
(23, '230702-Sun09', '2023-07-02', 'Sunday', 21, '00.00', 0, '0', '0', '0', '0', '0', '0', 0, '', 'no', 'no', 'active'),
(24, '230702-Sun10', '2023-07-02', 'Sunday', 24, '00.00', 0, '0', '0', '0', '0', '0', '0', 0, '', 'no', 'no', 'active'),
(25, '230702-Sun11', '2023-07-02', 'Sunday', 25, '00.00', 0, '0', '0', '0', '0', '0', '0', 0, '', 'no', 'no', 'active'),
(26, '230702-Sun12', '2023-07-02', 'Sunday', 26, '00.00', 0, '0', '0', '0', '0', '0', '0', 0, '', 'no', 'no', 'active'),
(27, '230703-Mon01', '2023-07-03', 'Monday', 35, '00.00', 0, '0', '0', '0', '0', '0', '0', 0, '', 'no', 'no', 'active'),
(28, '230703-Mon02', '2023-07-03', 'Monday', 28, '00.00', 0, '0', '0', '0', '0', '0', '0', 0, '', 'no', 'no', 'active'),
(29, '230703-Mon03', '2023-07-03', 'Monday', 39, '00.00', 0, '0', '0', '0', '0', '0', '0', 0, '', 'no', 'no', 'active'),
(30, '230703-Mon04', '2023-07-03', 'Monday', 30, '00.00', 0, '0', '0', '0', '0', '0', '0', 0, '', 'no', 'no', 'active'),
(31, '230703-Mon05', '2023-07-03', 'Monday', 34, '00.00', 0, '0', '0', '0', '0', '0', '0', 0, '', 'no', 'no', 'active'),
(32, '230703-Mon06', '2023-07-03', 'Monday', 29, '00.00', 0, '0', '0', '0', '0', '0', '0', 0, '', 'no', 'no', 'active'),
(33, '230703-Mon07', '2023-07-03', 'Monday', 31, '00.00', 0, '0', '0', '0', '0', '0', '0', 0, '', 'no', 'no', 'active'),
(34, '230703-Mon08', '2023-07-03', 'Monday', 32, '00.00', 0, '0', '0', '0', '0', '0', '0', 0, '', 'no', 'no', 'active'),
(35, '230703-Mon09', '2023-07-03', 'Monday', 33, '00.00', 0, '0', '0', '0', '0', '0', '0', 0, '', 'no', 'no', 'active'),
(36, '230703-Mon10', '2023-07-03', 'Monday', 36, '00.00', 0, '0', '0', '0', '0', '0', '0', 0, '', 'no', 'no', 'active'),
(37, '230703-Mon11', '2023-07-03', 'Monday', 37, '00.00', 0, '0', '0', '0', '0', '0', '0', 0, '', 'no', 'no', 'active'),
(38, '230703-Mon12', '2023-07-03', 'Monday', 38, '00.00', 0, '0', '0', '0', '0', '0', '0', 0, '', 'no', 'no', 'active'),
(39, '230704-Tue01', '2023-07-04', 'Tuesday', 47, '00.00', 0, '0', '0', '0', '0', '0', '0', 0, '', 'no', 'no', 'active'),
(40, '230704-Tue02', '2023-07-04', 'Tuesday', 40, '00.00', 0, '0', '0', '0', '0', '0', '0', 0, '', 'no', 'no', 'active'),
(41, '230704-Tue03', '2023-07-04', 'Tuesday', 51, '00.00', 0, '0', '0', '0', '0', '0', '0', 0, '', 'no', 'no', 'active'),
(42, '230704-Tue04', '2023-07-04', 'Tuesday', 42, '00.00', 0, '0', '0', '0', '0', '0', '0', 0, '', 'no', 'no', 'active'),
(43, '230704-Tue05', '2023-07-04', 'Tuesday', 46, '00.00', 0, '0', '0', '0', '0', '0', '0', 0, '', 'no', 'no', 'active'),
(44, '230704-Tue06', '2023-07-04', 'Tuesday', 41, '00.00', 0, '0', '0', '0', '0', '0', '0', 0, '', 'no', 'no', 'active'),
(45, '230704-Tue07', '2023-07-04', 'Tuesday', 43, '00.00', 0, '0', '0', '0', '0', '0', '0', 0, '', 'no', 'no', 'active'),
(46, '230704-Tue08', '2023-07-04', 'Tuesday', 44, '00.00', 0, '0', '0', '0', '0', '0', '0', 0, '', 'no', 'no', 'active'),
(47, '230704-Tue09', '2023-07-04', 'Tuesday', 45, '00.00', 0, '0', '0', '0', '0', '0', '0', 0, '', 'no', 'no', 'active'),
(48, '230704-Tue10', '2023-07-04', 'Tuesday', 48, '00.00', 0, '0', '0', '0', '0', '0', '0', 0, '', 'no', 'no', 'active'),
(49, '230704-Tue11', '2023-07-04', 'Tuesday', 49, '00.00', 0, '0', '0', '0', '0', '0', '0', 0, '', 'no', 'no', 'active'),
(50, '230704-Tue12', '2023-07-04', 'Tuesday', 50, '00.00', 0, '0', '0', '0', '0', '0', '0', 0, '', 'no', 'no', 'active'),
(51, '230705-Wed01', '2023-07-05', 'Wednesday', 59, '00.00', 0, '0', '0', '0', '0', '0', '0', 0, '', 'no', 'no', 'active'),
(52, '230705-Wed02', '2023-07-05', 'Wednesday', 52, '00.00', 0, '0', '0', '0', '0', '0', '0', 0, '', 'no', 'no', 'active'),
(53, '230705-Wed03', '2023-07-05', 'Wednesday', 63, '00.00', 0, '0', '0', '0', '0', '0', '0', 0, '', 'no', 'no', 'active'),
(54, '230705-Wed04', '2023-07-05', 'Wednesday', 54, '00.00', 0, '0', '0', '0', '0', '0', '0', 0, '', 'no', 'no', 'active'),
(55, '230705-Wed05', '2023-07-05', 'Wednesday', 58, '00.00', 0, '0', '0', '0', '0', '0', '0', 0, '', 'no', 'no', 'active'),
(56, '230705-Wed06', '2023-07-05', 'Wednesday', 53, '00.00', 0, '0', '0', '0', '0', '0', '0', 0, '', 'no', 'no', 'active'),
(57, '230705-Wed07', '2023-07-05', 'Wednesday', 55, '00.00', 0, '0', '0', '0', '0', '0', '0', 0, '', 'no', 'no', 'active'),
(58, '230705-Wed08', '2023-07-05', 'Wednesday', 56, '00.00', 0, '0', '0', '0', '0', '0', '0', 0, '', 'no', 'no', 'active'),
(59, '230705-Wed09', '2023-07-05', 'Wednesday', 57, '00.00', 0, '0', '0', '0', '0', '0', '0', 0, '', 'no', 'no', 'active'),
(60, '230705-Wed10', '2023-07-05', 'Wednesday', 60, '00.00', 0, '0', '0', '0', '0', '0', '0', 0, '', 'no', 'no', 'active'),
(61, '230705-Wed11', '2023-07-05', 'Wednesday', 61, '00.00', 0, '0', '0', '0', '0', '0', '0', 0, '', 'no', 'no', 'active'),
(62, '230705-Wed12', '2023-07-05', 'Wednesday', 62, '00.00', 0, '0', '0', '0', '0', '0', '0', 0, '', 'no', 'no', 'active'),
(63, '230706-Thu01', '2023-07-06', 'Thursday', 71, '00.00', 0, '0', '0', '0', '0', '0', '0', 0, '', 'no', 'no', 'active'),
(64, '230706-Thu02', '2023-07-06', 'Thursday', 64, '00.00', 0, '0', '0', '0', '0', '0', '0', 0, '', 'no', 'no', 'active'),
(65, '230706-Thu03', '2023-07-06', 'Thursday', 75, '00.00', 0, '0', '0', '0', '0', '0', '0', 0, '', 'no', 'no', 'active'),
(66, '230706-Thu04', '2023-07-06', 'Thursday', 66, '00.00', 0, '0', '0', '0', '0', '0', '0', 0, '', 'no', 'no', 'active'),
(67, '230706-Thu05', '2023-07-06', 'Thursday', 70, '00.00', 0, '0', '0', '0', '0', '0', '0', 0, '', 'no', 'no', 'active'),
(68, '230706-Thu06', '2023-07-06', 'Thursday', 65, '00.00', 0, '0', '0', '0', '0', '0', '0', 0, '', 'no', 'no', 'active'),
(69, '230706-Thu07', '2023-07-06', 'Thursday', 67, '00.00', 0, '0', '0', '0', '0', '0', '0', 0, '', 'no', 'no', 'active'),
(70, '230706-Thu08', '2023-07-06', 'Thursday', 68, '00.00', 0, '0', '0', '0', '0', '0', '0', 0, '', 'no', 'no', 'active'),
(71, '230706-Thu09', '2023-07-06', 'Thursday', 69, '00.00', 0, '0', '0', '0', '0', '0', '0', 0, '', 'no', 'no', 'active'),
(72, '230706-Thu10', '2023-07-06', 'Thursday', 72, '00.00', 0, '0', '0', '0', '0', '0', '0', 0, '', 'no', 'no', 'active'),
(73, '230706-Thu11', '2023-07-06', 'Thursday', 73, '00.00', 0, '0', '0', '0', '0', '0', '0', 0, '', 'no', 'no', 'active'),
(74, '230706-Thu12', '2023-07-06', 'Thursday', 74, '00.00', 0, '0', '0', '0', '0', '0', '0', 0, '', 'no', 'no', 'active'),
(75, '230707-Fri01', '2023-07-07', 'Friday', 83, '00.00', 0, '0', '0', '0', '0', '0', '0', 0, '', 'no', 'no', 'active'),
(76, '230707-Fri02', '2023-07-07', 'Friday', 76, '00.00', 0, '0', '0', '0', '0', '0', '0', 0, '', 'no', 'no', 'active'),
(77, '230707-Fri03', '2023-07-07', 'Friday', 87, '00.00', 0, '0', '0', '0', '0', '0', '0', 0, '', 'no', 'no', 'active'),
(78, '230707-Fri04', '2023-07-07', 'Friday', 78, '00.00', 0, '0', '0', '0', '0', '0', '0', 0, '', 'no', 'no', 'active'),
(79, '230707-Fri05', '2023-07-07', 'Friday', 82, '00.00', 0, '0', '0', '0', '0', '0', '0', 0, '', 'no', 'no', 'active'),
(80, '230707-Fri06', '2023-07-07', 'Friday', 77, '00.00', 0, '0', '0', '0', '0', '0', '0', 0, '', 'no', 'no', 'active'),
(81, '230707-Fri07', '2023-07-07', 'Friday', 79, '00.00', 0, '0', '0', '0', '0', '0', '0', 0, '', 'no', 'no', 'active'),
(82, '230707-Fri08', '2023-07-07', 'Friday', 80, '00.00', 0, '0', '0', '0', '0', '0', '0', 0, '', 'no', 'no', 'active'),
(83, '230707-Fri09', '2023-07-07', 'Friday', 81, '00.00', 0, '0', '0', '0', '0', '0', '0', 0, '', 'no', 'no', 'active'),
(84, '230707-Fri10', '2023-07-07', 'Friday', 84, '00.00', 0, '0', '0', '0', '0', '0', '0', 0, '', 'no', 'no', 'active'),
(85, '230707-Fri11', '2023-07-07', 'Friday', 85, '00.00', 0, '0', '0', '0', '0', '0', '0', 0, '', 'no', 'no', 'active'),
(86, '230707-Fri12', '2023-07-07', 'Friday', 86, '00.00', 0, '0', '0', '0', '0', '0', '0', 0, '', 'no', 'no', 'active'),
(87, '230708-Sat01', '2023-07-08', 'Saturday', 95, '00.00', 0, '0', '0', '0', '0', '0', '0', 0, '', 'no', 'no', 'active'),
(88, '230708-Sat02', '2023-07-08', 'Saturday', 88, '00.00', 0, '0', '0', '0', '0', '0', '0', 0, '', 'no', 'no', 'active'),
(89, '230708-Sat03', '2023-07-08', 'Saturday', 99, '00.00', 0, '0', '0', '0', '0', '0', '0', 0, '', 'no', 'no', 'active'),
(90, '230708-Sat04', '2023-07-08', 'Saturday', 90, '00.00', 0, '0', '0', '0', '0', '0', '0', 0, '', 'no', 'no', 'active'),
(91, '230708-Sat05', '2023-07-08', 'Saturday', 94, '00.00', 0, '0', '0', '0', '0', '0', '0', 0, '', 'no', 'no', 'active'),
(92, '230708-Sat06', '2023-07-08', 'Saturday', 89, '00.00', 0, '0', '0', '0', '0', '0', '0', 0, '', 'no', 'no', 'active'),
(93, '230708-Sat07', '2023-07-08', 'Saturday', 91, '00.00', 0, '0', '0', '0', '0', '0', '0', 0, '', 'no', 'no', 'active'),
(94, '230708-Sat08', '2023-07-08', 'Saturday', 92, '00.00', 0, '0', '0', '0', '0', '0', '0', 0, '', 'no', 'no', 'active'),
(95, '230708-Sat09', '2023-07-08', 'Saturday', 93, '00.00', 0, '0', '0', '0', '0', '0', '0', 0, '', 'no', 'no', 'active'),
(96, '230708-Sat10', '2023-07-08', 'Saturday', 96, '00.00', 0, '0', '0', '0', '0', '0', '0', 0, '', 'no', 'no', 'active'),
(97, '230708-Sat11', '2023-07-08', 'Saturday', 97, '00.00', 0, '0', '0', '0', '0', '0', '0', 0, '', 'no', 'no', 'active'),
(98, '230708-Sat12', '2023-07-08', 'Saturday', 98, '00.00', 0, '0', '0', '0', '0', '0', '0', 0, '', 'no', 'no', 'active'),
(99, '230709-Sun01', '2023-07-09', 'Sunday', 23, '00.00', 0, '0', '0', '0', '0', '0', '0', 0, '', 'no', 'no', 'active'),
(100, '230709-Sun02', '2023-07-09', 'Sunday', 13, '00.00', 0, '0', '0', '0', '0', '0', '0', 0, '', 'no', 'no', 'active'),
(101, '230709-Sun03', '2023-07-09', 'Sunday', 27, '00.00', 0, '0', '0', '0', '0', '0', '0', 0, '', 'no', 'no', 'active'),
(102, '230709-Sun04', '2023-07-09', 'Sunday', 15, '00.00', 0, '0', '0', '0', '0', '0', '0', 0, '', 'no', 'no', 'active'),
(103, '230709-Sun05', '2023-07-09', 'Sunday', 22, '00.00', 0, '0', '0', '0', '0', '0', '0', 0, '', 'no', 'no', 'active'),
(104, '230709-Sun06', '2023-07-09', 'Sunday', 14, '00.00', 0, '0', '0', '0', '0', '0', '0', 0, '', 'no', 'no', 'active'),
(105, '230709-Sun07', '2023-07-09', 'Sunday', 19, '00.00', 0, '0', '0', '0', '0', '0', '0', 0, '', 'no', 'no', 'active'),
(106, '230709-Sun08', '2023-07-09', 'Sunday', 20, '00.00', 0, '0', '0', '0', '0', '0', '0', 0, '', 'no', 'no', 'active'),
(107, '230709-Sun09', '2023-07-09', 'Sunday', 21, '00.00', 0, '0', '0', '0', '0', '0', '0', 0, '', 'no', 'no', 'active'),
(108, '230709-Sun10', '2023-07-09', 'Sunday', 24, '00.00', 0, '0', '0', '0', '0', '0', '0', 0, '', 'no', 'no', 'active'),
(109, '230709-Sun11', '2023-07-09', 'Sunday', 25, '00.00', 0, '0', '0', '0', '0', '0', '0', 0, '', 'no', 'no', 'active'),
(110, '230709-Sun12', '2023-07-09', 'Sunday', 26, '00.00', 0, '0', '0', '0', '0', '0', '0', 0, '', 'no', 'no', 'active'),
(111, '230710-Mon01', '2023-07-10', 'Monday', 35, '00.00', 0, '0', '0', '0', '0', '0', '0', 0, '', 'no', 'no', 'active'),
(112, '230710-Mon02', '2023-07-10', 'Monday', 28, '00.00', 0, '0', '0', '0', '0', '0', '0', 0, '', 'no', 'no', 'active'),
(113, '230710-Mon03', '2023-07-10', 'Monday', 39, '00.00', 0, '0', '0', '0', '0', '0', '0', 0, '', 'no', 'no', 'active'),
(114, '230710-Mon04', '2023-07-10', 'Monday', 30, '00.00', 0, '0', '0', '0', '0', '0', '0', 0, '', 'no', 'no', 'active'),
(115, '230710-Mon05', '2023-07-10', 'Monday', 34, '00.00', 0, '0', '0', '0', '0', '0', '0', 0, '', 'no', 'no', 'active'),
(116, '230710-Mon06', '2023-07-10', 'Monday', 29, '00.00', 0, '0', '0', '0', '0', '0', '0', 0, '', 'no', 'no', 'active'),
(117, '230710-Mon07', '2023-07-10', 'Monday', 31, '00.00', 0, '0', '0', '0', '0', '0', '0', 0, '', 'no', 'no', 'active'),
(118, '230710-Mon08', '2023-07-10', 'Monday', 32, '00.00', 0, '0', '0', '0', '0', '0', '0', 0, '', 'no', 'no', 'active'),
(119, '230710-Mon09', '2023-07-10', 'Monday', 33, '00.00', 0, '0', '0', '0', '0', '0', '0', 0, '', 'no', 'no', 'active'),
(120, '230710-Mon10', '2023-07-10', 'Monday', 36, '00.00', 0, '0', '0', '0', '0', '0', '0', 0, '', 'no', 'no', 'active'),
(121, '230710-Mon11', '2023-07-10', 'Monday', 37, '00.00', 0, '0', '0', '0', '0', '0', '0', 0, '', 'no', 'no', 'active'),
(122, '230710-Mon12', '2023-07-10', 'Monday', 38, '00.00', 0, '0', '0', '0', '0', '0', '0', 0, '', 'no', 'no', 'active'),
(123, '230711-Tue01', '2023-07-11', 'Tuesday', 47, '00.00', 0, '0', '0', '0', '0', '0', '0', 0, '', 'no', 'no', 'active'),
(124, '230711-Tue02', '2023-07-11', 'Tuesday', 40, '00.00', 0, '0', '0', '0', '0', '0', '0', 0, '', 'no', 'no', 'active'),
(125, '230711-Tue03', '2023-07-11', 'Tuesday', 51, '00.00', 0, '0', '0', '0', '0', '0', '0', 0, '', 'no', 'no', 'active'),
(126, '230711-Tue04', '2023-07-11', 'Tuesday', 42, '00.00', 0, '0', '0', '0', '0', '0', '0', 0, '', 'no', 'no', 'active'),
(127, '230711-Tue05', '2023-07-11', 'Tuesday', 46, '00.00', 0, '0', '0', '0', '0', '0', '0', 0, '', 'no', 'no', 'active'),
(128, '230711-Tue06', '2023-07-11', 'Tuesday', 41, '00.00', 0, '0', '0', '0', '0', '0', '0', 0, '', 'no', 'no', 'active'),
(129, '230711-Tue07', '2023-07-11', 'Tuesday', 43, '00.00', 0, '0', '0', '0', '0', '0', '0', 0, '', 'no', 'no', 'active'),
(130, '230711-Tue08', '2023-07-11', 'Tuesday', 44, '00.00', 0, '0', '0', '0', '0', '0', '0', 0, '', 'no', 'no', 'active'),
(131, '230711-Tue09', '2023-07-11', 'Tuesday', 45, '00.00', 0, '0', '0', '0', '0', '0', '0', 0, '', 'no', 'no', 'active'),
(132, '230711-Tue10', '2023-07-11', 'Tuesday', 48, '00.00', 0, '0', '0', '0', '0', '0', '0', 0, '', 'no', 'no', 'active'),
(133, '230711-Tue11', '2023-07-11', 'Tuesday', 49, '00.00', 0, '0', '0', '0', '0', '0', '0', 0, '', 'no', 'no', 'active'),
(134, '230711-Tue12', '2023-07-11', 'Tuesday', 50, '00.00', 0, '0', '0', '0', '0', '0', '0', 0, '', 'no', 'no', 'active'),
(135, '230712-Wed01', '2023-07-12', 'Wednesday', 59, '00.00', 0, '0', '0', '0', '0', '0', '0', 0, '', 'no', 'no', 'active'),
(136, '230712-Wed02', '2023-07-12', 'Wednesday', 52, '00.00', 0, '0', '0', '0', '0', '0', '0', 0, '', 'no', 'no', 'active'),
(137, '230712-Wed03', '2023-07-12', 'Wednesday', 63, '00.00', 0, '0', '0', '0', '0', '0', '0', 0, '', 'no', 'no', 'active'),
(138, '230712-Wed04', '2023-07-12', 'Wednesday', 54, '00.00', 0, '0', '0', '0', '0', '0', '0', 0, '', 'no', 'no', 'active'),
(139, '230712-Wed05', '2023-07-12', 'Wednesday', 58, '00.00', 0, '0', '0', '0', '0', '0', '0', 0, '', 'no', 'no', 'active'),
(140, '230712-Wed06', '2023-07-12', 'Wednesday', 53, '00.00', 0, '0', '0', '0', '0', '0', '0', 0, '', 'no', 'no', 'active'),
(141, '230712-Wed07', '2023-07-12', 'Wednesday', 55, '00.00', 0, '0', '0', '0', '0', '0', '0', 0, '', 'no', 'no', 'active'),
(142, '230712-Wed08', '2023-07-12', 'Wednesday', 56, '00.00', 0, '0', '0', '0', '0', '0', '0', 0, '', 'no', 'no', 'active'),
(143, '230712-Wed09', '2023-07-12', 'Wednesday', 57, '00.00', 0, '0', '0', '0', '0', '0', '0', 0, '', 'no', 'no', 'active'),
(144, '230712-Wed10', '2023-07-12', 'Wednesday', 60, '00.00', 0, '0', '0', '0', '0', '0', '0', 0, '', 'no', 'no', 'active'),
(145, '230712-Wed11', '2023-07-12', 'Wednesday', 61, '00.00', 0, '0', '0', '0', '0', '0', '0', 0, '', 'no', 'no', 'active'),
(146, '230712-Wed12', '2023-07-12', 'Wednesday', 62, '00.00', 0, '0', '0', '0', '0', '0', '0', 0, '', 'no', 'no', 'active'),
(147, '230713-Thu01', '2023-07-13', 'Thursday', 71, '00.00', 0, '0', '0', '0', '0', '0', '0', 0, '', 'no', 'no', 'active'),
(148, '230713-Thu02', '2023-07-13', 'Thursday', 64, '00.00', 0, '0', '0', '0', '0', '0', '0', 0, '', 'no', 'no', 'active'),
(149, '230713-Thu03', '2023-07-13', 'Thursday', 75, '00.00', 0, '0', '0', '0', '0', '0', '0', 0, '', 'no', 'no', 'active'),
(150, '230713-Thu04', '2023-07-13', 'Thursday', 66, '00.00', 0, '0', '0', '0', '0', '0', '0', 0, '', 'no', 'no', 'active'),
(151, '230713-Thu05', '2023-07-13', 'Thursday', 70, '00.00', 0, '0', '0', '0', '0', '0', '0', 0, '', 'no', 'no', 'active'),
(152, '230713-Thu06', '2023-07-13', 'Thursday', 65, '00.00', 0, '0', '0', '0', '0', '0', '0', 0, '', 'no', 'no', 'active'),
(153, '230713-Thu07', '2023-07-13', 'Thursday', 67, '00.00', 0, '0', '0', '0', '0', '0', '0', 0, '', 'no', 'no', 'active'),
(154, '230713-Thu08', '2023-07-13', 'Thursday', 68, '00.00', 0, '0', '0', '0', '0', '0', '0', 0, '', 'no', 'no', 'active'),
(155, '230713-Thu09', '2023-07-13', 'Thursday', 69, '00.00', 0, '0', '0', '0', '0', '0', '0', 0, '', 'no', 'no', 'active'),
(156, '230713-Thu10', '2023-07-13', 'Thursday', 72, '00.00', 0, '0', '0', '0', '0', '0', '0', 0, '', 'no', 'no', 'active'),
(157, '230713-Thu11', '2023-07-13', 'Thursday', 73, '00.00', 0, '0', '0', '0', '0', '0', '0', 0, '', 'no', 'no', 'active'),
(158, '230713-Thu12', '2023-07-13', 'Thursday', 74, '00.00', 0, '0', '0', '0', '0', '0', '0', 0, '', 'no', 'no', 'active'),
(159, '230714-Fri01', '2023-07-14', 'Friday', 83, '00.00', 0, '0', '0', '0', '0', '0', '0', 0, '', 'no', 'no', 'active'),
(160, '230714-Fri02', '2023-07-14', 'Friday', 76, '00.00', 0, '0', '0', '0', '0', '0', '0', 0, '', 'no', 'no', 'active'),
(161, '230714-Fri03', '2023-07-14', 'Friday', 87, '00.00', 0, '0', '0', '0', '0', '0', '0', 0, '', 'no', 'no', 'active'),
(162, '230714-Fri04', '2023-07-14', 'Friday', 78, '00.00', 0, '0', '0', '0', '0', '0', '0', 0, '', 'no', 'no', 'active'),
(163, '230714-Fri05', '2023-07-14', 'Friday', 82, '00.00', 0, '0', '0', '0', '0', '0', '0', 0, '', 'no', 'no', 'active'),
(164, '230714-Fri06', '2023-07-14', 'Friday', 77, '00.00', 0, '0', '0', '0', '0', '0', '0', 0, '', 'no', 'no', 'active'),
(165, '230714-Fri07', '2023-07-14', 'Friday', 79, '00.00', 0, '0', '0', '0', '0', '0', '0', 0, '', 'no', 'no', 'active'),
(166, '230714-Fri08', '2023-07-14', 'Friday', 80, '00.00', 0, '0', '0', '0', '0', '0', '0', 0, '', 'no', 'no', 'active'),
(167, '230714-Fri09', '2023-07-14', 'Friday', 81, '00.00', 0, '0', '0', '0', '0', '0', '0', 0, '', 'no', 'no', 'active'),
(168, '230714-Fri10', '2023-07-14', 'Friday', 84, '00.00', 0, '0', '0', '0', '0', '0', '0', 0, '', 'no', 'no', 'active'),
(169, '230714-Fri11', '2023-07-14', 'Friday', 85, '00.00', 0, '0', '0', '0', '0', '0', '0', 0, '', 'no', 'no', 'active'),
(170, '230714-Fri12', '2023-07-14', 'Friday', 86, '00.00', 0, '0', '0', '0', '0', '0', '0', 0, '', 'no', 'no', 'active'),
(171, '230715-Sat01', '2023-07-15', 'Saturday', 95, '00.00', 0, '0', '0', '0', '0', '0', '0', 0, '', 'no', 'no', 'active'),
(172, '230715-Sat02', '2023-07-15', 'Saturday', 88, '00.00', 0, '0', '0', '0', '0', '0', '0', 0, '', 'no', 'no', 'active'),
(173, '230715-Sat03', '2023-07-15', 'Saturday', 99, '00.00', 0, '0', '0', '0', '0', '0', '0', 0, '', 'no', 'no', 'active'),
(174, '230715-Sat04', '2023-07-15', 'Saturday', 90, '00.00', 0, '0', '0', '0', '0', '0', '0', 0, '', 'no', 'no', 'active'),
(175, '230715-Sat05', '2023-07-15', 'Saturday', 94, '00.00', 0, '0', '0', '0', '0', '0', '0', 0, '', 'no', 'no', 'active'),
(176, '230715-Sat06', '2023-07-15', 'Saturday', 89, '00.00', 0, '0', '0', '0', '0', '0', '0', 0, '', 'no', 'no', 'active'),
(177, '230715-Sat07', '2023-07-15', 'Saturday', 91, '00.00', 0, '0', '0', '0', '0', '0', '0', 0, '', 'no', 'no', 'active'),
(178, '230715-Sat08', '2023-07-15', 'Saturday', 92, '00.00', 0, '0', '0', '0', '0', '0', '0', 0, '', 'no', 'no', 'active'),
(179, '230715-Sat09', '2023-07-15', 'Saturday', 93, '00.00', 0, '0', '0', '0', '0', '0', '0', 0, '', 'no', 'no', 'active'),
(180, '230715-Sat10', '2023-07-15', 'Saturday', 96, '00.00', 0, '0', '0', '0', '0', '0', '0', 0, '', 'no', 'no', 'active'),
(181, '230715-Sat11', '2023-07-15', 'Saturday', 97, '00.00', 0, '0', '0', '0', '0', '0', '0', 0, '', 'no', 'no', 'active'),
(182, '230715-Sat12', '2023-07-15', 'Saturday', 98, '00.00', 0, '0', '0', '0', '0', '0', '0', 0, '', 'no', 'no', 'active'),
(183, '230716-Sun01', '2023-07-16', 'Sunday', 23, '00.00', 0, '0', '0', '0', '0', '0', '0', 0, '', 'no', 'no', 'active'),
(184, '230716-Sun02', '2023-07-16', 'Sunday', 13, '00.00', 0, '0', '0', '0', '0', '0', '0', 0, '', 'no', 'no', 'active'),
(185, '230716-Sun03', '2023-07-16', 'Sunday', 27, '00.00', 0, '0', '0', '0', '0', '0', '0', 0, '', 'no', 'no', 'active'),
(186, '230716-Sun04', '2023-07-16', 'Sunday', 15, '00.00', 0, '0', '0', '0', '0', '0', '0', 0, '', 'no', 'no', 'active'),
(187, '230716-Sun05', '2023-07-16', 'Sunday', 22, '00.00', 0, '0', '0', '0', '0', '0', '0', 0, '', 'no', 'no', 'active'),
(188, '230716-Sun06', '2023-07-16', 'Sunday', 14, '00.00', 0, '0', '0', '0', '0', '0', '0', 0, '', 'no', 'no', 'active'),
(189, '230716-Sun07', '2023-07-16', 'Sunday', 19, '00.00', 0, '0', '0', '0', '0', '0', '0', 0, '', 'no', 'no', 'active'),
(190, '230716-Sun08', '2023-07-16', 'Sunday', 20, '00.00', 0, '0', '0', '0', '0', '0', '0', 0, '', 'no', 'no', 'active'),
(191, '230716-Sun09', '2023-07-16', 'Sunday', 21, '00.00', 0, '0', '0', '0', '0', '0', '0', 0, '', 'no', 'no', 'active'),
(192, '230716-Sun10', '2023-07-16', 'Sunday', 24, '00.00', 0, '0', '0', '0', '0', '0', '0', 0, '', 'no', 'no', 'active'),
(193, '230716-Sun11', '2023-07-16', 'Sunday', 25, '00.00', 0, '0', '0', '0', '0', '0', '0', 0, '', 'no', 'no', 'active'),
(194, '230716-Sun12', '2023-07-16', 'Sunday', 26, '00.00', 0, '0', '0', '0', '0', '0', '0', 0, '', 'no', 'no', 'active'),
(195, '230717-Mon01', '2023-07-17', 'Monday', 35, '00.00', 0, '0', '0', '0', '0', '0', '0', 0, '', 'no', 'no', 'active'),
(196, '230717-Mon02', '2023-07-17', 'Monday', 28, '00.00', 0, '0', '0', '0', '0', '0', '0', 0, '', 'no', 'no', 'active'),
(197, '230717-Mon03', '2023-07-17', 'Monday', 39, '00.00', 0, '0', '0', '0', '0', '0', '0', 0, '', 'no', 'no', 'active'),
(198, '230717-Mon04', '2023-07-17', 'Monday', 30, '00.00', 0, '0', '0', '0', '0', '0', '0', 0, '', 'no', 'no', 'active'),
(199, '230717-Mon05', '2023-07-17', 'Monday', 34, '00.00', 0, '0', '0', '0', '0', '0', '0', 0, '', 'no', 'no', 'active'),
(200, '230717-Mon06', '2023-07-17', 'Monday', 29, '00.00', 0, '0', '0', '0', '0', '0', '0', 0, '', 'no', 'no', 'active'),
(201, '230717-Mon07', '2023-07-17', 'Monday', 31, '00.00', 0, '0', '0', '0', '0', '0', '0', 0, '', 'no', 'no', 'active'),
(202, '230717-Mon08', '2023-07-17', 'Monday', 32, '00.00', 0, '0', '0', '0', '0', '0', '0', 0, '', 'no', 'no', 'active'),
(203, '230717-Mon09', '2023-07-17', 'Monday', 33, '00.00', 0, '0', '0', '0', '0', '0', '0', 0, '', 'no', 'no', 'active'),
(204, '230717-Mon10', '2023-07-17', 'Monday', 36, '00.00', 0, '0', '0', '0', '0', '0', '0', 0, '', 'no', 'no', 'active'),
(205, '230717-Mon11', '2023-07-17', 'Monday', 37, '00.00', 0, '0', '0', '0', '0', '0', '0', 0, '', 'no', 'no', 'active'),
(206, '230717-Mon12', '2023-07-17', 'Monday', 38, '00.00', 0, '0', '0', '0', '0', '0', '0', 0, '', 'no', 'no', 'active'),
(207, '230718-Tue01', '2023-07-18', 'Tuesday', 47, '00.00', 0, '0', '0', '0', '0', '0', '0', 0, '', 'no', 'no', 'active'),
(208, '230718-Tue02', '2023-07-18', 'Tuesday', 40, '00.00', 0, '0', '0', '0', '0', '0', '0', 0, '', 'no', 'no', 'active'),
(209, '230718-Tue03', '2023-07-18', 'Tuesday', 51, '00.00', 0, '0', '0', '0', '0', '0', '0', 0, '', 'no', 'no', 'active'),
(210, '230718-Tue04', '2023-07-18', 'Tuesday', 42, '00.00', 0, '0', '0', '0', '0', '0', '0', 0, '', 'no', 'no', 'active'),
(211, '230718-Tue05', '2023-07-18', 'Tuesday', 46, '00.00', 0, '0', '0', '0', '0', '0', '0', 0, '', 'no', 'no', 'active'),
(212, '230718-Tue06', '2023-07-18', 'Tuesday', 41, '00.00', 0, '0', '0', '0', '0', '0', '0', 0, '', 'no', 'no', 'active'),
(213, '230718-Tue07', '2023-07-18', 'Tuesday', 43, '00.00', 0, '0', '0', '0', '0', '0', '0', 0, '', 'no', 'no', 'active'),
(214, '230718-Tue08', '2023-07-18', 'Tuesday', 44, '00.00', 0, '0', '0', '0', '0', '0', '0', 0, '', 'no', 'no', 'active'),
(215, '230718-Tue09', '2023-07-18', 'Tuesday', 45, '00.00', 0, '0', '0', '0', '0', '0', '0', 0, '', 'no', 'no', 'active'),
(216, '230718-Tue10', '2023-07-18', 'Tuesday', 48, '00.00', 0, '0', '0', '0', '0', '0', '0', 0, '', 'no', 'no', 'active'),
(217, '230718-Tue11', '2023-07-18', 'Tuesday', 49, '00.00', 0, '0', '0', '0', '0', '0', '0', 0, '', 'no', 'no', 'active'),
(218, '230718-Tue12', '2023-07-18', 'Tuesday', 50, '00.00', 0, '0', '0', '0', '0', '0', '0', 0, '', 'no', 'no', 'active'),
(219, '230719-Wed01', '2023-07-19', 'Wednesday', 59, '00.00', 0, '0', '0', '0', '0', '0', '0', 0, '', 'no', 'no', 'active'),
(220, '230719-Wed02', '2023-07-19', 'Wednesday', 52, '00.00', 0, '0', '0', '0', '0', '0', '0', 0, '', 'no', 'no', 'active'),
(221, '230719-Wed03', '2023-07-19', 'Wednesday', 63, '00.00', 0, '0', '0', '0', '0', '0', '0', 0, '', 'no', 'no', 'active'),
(222, '230719-Wed04', '2023-07-19', 'Wednesday', 54, '00.00', 0, '0', '0', '0', '0', '0', '0', 0, '', 'no', 'no', 'active'),
(223, '230719-Wed05', '2023-07-19', 'Wednesday', 58, '00.00', 0, '0', '0', '0', '0', '0', '0', 0, '', 'no', 'no', 'active'),
(224, '230719-Wed06', '2023-07-19', 'Wednesday', 53, '00.00', 0, '0', '0', '0', '0', '0', '0', 0, '', 'no', 'no', 'active'),
(225, '230719-Wed07', '2023-07-19', 'Wednesday', 55, '00.00', 0, '0', '0', '0', '0', '0', '0', 0, '', 'no', 'no', 'active'),
(226, '230719-Wed08', '2023-07-19', 'Wednesday', 56, '00.00', 0, '0', '0', '0', '0', '0', '0', 0, '', 'no', 'no', 'active'),
(227, '230719-Wed09', '2023-07-19', 'Wednesday', 57, '00.00', 0, '0', '0', '0', '0', '0', '0', 0, '', 'no', 'no', 'active'),
(228, '230719-Wed10', '2023-07-19', 'Wednesday', 60, '00.00', 0, '0', '0', '0', '0', '0', '0', 0, '', 'no', 'no', 'active'),
(229, '230719-Wed11', '2023-07-19', 'Wednesday', 61, '00.00', 0, '0', '0', '0', '0', '0', '0', 0, '', 'no', 'no', 'active'),
(230, '230719-Wed12', '2023-07-19', 'Wednesday', 62, '00.00', 0, '0', '0', '0', '0', '0', '0', 0, '', 'no', 'no', 'active'),
(231, '230720-Thu01', '2023-07-20', 'Thursday', 71, '00.00', 0, '0', '0', '0', '0', '0', '0', 0, '', 'no', 'no', 'active'),
(232, '230720-Thu02', '2023-07-20', 'Thursday', 64, '00.00', 0, '0', '0', '0', '0', '0', '0', 0, '', 'no', 'no', 'active'),
(233, '230720-Thu03', '2023-07-20', 'Thursday', 75, '00.00', 0, '0', '0', '0', '0', '0', '0', 0, '', 'no', 'no', 'active'),
(234, '230720-Thu04', '2023-07-20', 'Thursday', 66, '00.00', 0, '0', '0', '0', '0', '0', '0', 0, '', 'no', 'no', 'active'),
(235, '230720-Thu05', '2023-07-20', 'Thursday', 70, '00.00', 0, '0', '0', '0', '0', '0', '0', 0, '', 'no', 'no', 'active'),
(236, '230720-Thu06', '2023-07-20', 'Thursday', 65, '00.00', 0, '0', '0', '0', '0', '0', '0', 0, '', 'no', 'no', 'active'),
(237, '230720-Thu07', '2023-07-20', 'Thursday', 67, '00.00', 0, '0', '0', '0', '0', '0', '0', 0, '', 'no', 'no', 'active'),
(238, '230720-Thu08', '2023-07-20', 'Thursday', 68, '00.00', 0, '0', '0', '0', '0', '0', '0', 0, '', 'no', 'no', 'active'),
(239, '230720-Thu09', '2023-07-20', 'Thursday', 69, '00.00', 0, '0', '0', '0', '0', '0', '0', 0, '', 'no', 'no', 'active'),
(240, '230720-Thu10', '2023-07-20', 'Thursday', 72, '00.00', 0, '0', '0', '0', '0', '0', '0', 0, '', 'no', 'no', 'active'),
(241, '230720-Thu11', '2023-07-20', 'Thursday', 73, '00.00', 0, '0', '0', '0', '0', '0', '0', 0, '', 'no', 'no', 'active'),
(242, '230720-Thu12', '2023-07-20', 'Thursday', 74, '00.00', 0, '0', '0', '0', '0', '0', '0', 0, '', 'no', 'no', 'active'),
(243, '230721-Fri01', '2023-07-21', 'Friday', 83, '00.00', 0, '0', '0', '0', '0', '0', '0', 0, '', 'no', 'no', 'active'),
(244, '230721-Fri02', '2023-07-21', 'Friday', 76, '00.00', 0, '0', '0', '0', '0', '0', '0', 0, '', 'no', 'no', 'active'),
(245, '230721-Fri03', '2023-07-21', 'Friday', 87, '00.00', 0, '0', '0', '0', '0', '0', '0', 0, '', 'no', 'no', 'active'),
(246, '230721-Fri04', '2023-07-21', 'Friday', 78, '00.00', 0, '0', '0', '0', '0', '0', '0', 0, '', 'no', 'no', 'active'),
(247, '230721-Fri05', '2023-07-21', 'Friday', 82, '00.00', 0, '0', '0', '0', '0', '0', '0', 0, '', 'no', 'no', 'active'),
(248, '230721-Fri06', '2023-07-21', 'Friday', 77, '00.00', 0, '0', '0', '0', '0', '0', '0', 0, '', 'no', 'no', 'active'),
(249, '230721-Fri07', '2023-07-21', 'Friday', 79, '00.00', 0, '0', '0', '0', '0', '0', '0', 0, '', 'no', 'no', 'active'),
(250, '230721-Fri08', '2023-07-21', 'Friday', 80, '00.00', 0, '0', '0', '0', '0', '0', '0', 0, '', 'no', 'no', 'active'),
(251, '230721-Fri09', '2023-07-21', 'Friday', 81, '00.00', 0, '0', '0', '0', '0', '0', '0', 0, '', 'no', 'no', 'active'),
(252, '230721-Fri10', '2023-07-21', 'Friday', 84, '00.00', 0, '0', '0', '0', '0', '0', '0', 0, '', 'no', 'no', 'active'),
(253, '230721-Fri11', '2023-07-21', 'Friday', 85, '00.00', 0, '0', '0', '0', '0', '0', '0', 0, '', 'no', 'no', 'active'),
(254, '230721-Fri12', '2023-07-21', 'Friday', 86, '00.00', 0, '0', '0', '0', '0', '0', '0', 0, '', 'no', 'no', 'active'),
(255, '230722-Sat01', '2023-07-22', 'Saturday', 95, '00.00', 0, '0', '0', '0', '0', '0', '0', 0, '', 'no', 'no', 'active'),
(256, '230722-Sat02', '2023-07-22', 'Saturday', 88, '00.00', 0, '0', '0', '0', '0', '0', '0', 0, '', 'no', 'no', 'active'),
(257, '230722-Sat03', '2023-07-22', 'Saturday', 99, '00.00', 0, '0', '0', '0', '0', '0', '0', 0, '', 'no', 'no', 'active'),
(258, '230722-Sat04', '2023-07-22', 'Saturday', 90, '00.00', 0, '0', '0', '0', '0', '0', '0', 0, '', 'no', 'no', 'active'),
(259, '230722-Sat05', '2023-07-22', 'Saturday', 94, '00.00', 0, '0', '0', '0', '0', '0', '0', 0, '', 'no', 'no', 'active'),
(260, '230722-Sat06', '2023-07-22', 'Saturday', 89, '00.00', 0, '0', '0', '0', '0', '0', '0', 0, '', 'no', 'no', 'active'),
(261, '230722-Sat07', '2023-07-22', 'Saturday', 91, '00.00', 0, '0', '0', '0', '0', '0', '0', 0, '', 'no', 'no', 'active'),
(262, '230722-Sat08', '2023-07-22', 'Saturday', 92, '00.00', 0, '0', '0', '0', '0', '0', '0', 0, '', 'no', 'no', 'active'),
(263, '230722-Sat09', '2023-07-22', 'Saturday', 93, '00.00', 0, '0', '0', '0', '0', '0', '0', 0, '', 'no', 'no', 'active'),
(264, '230722-Sat10', '2023-07-22', 'Saturday', 96, '00.00', 0, '0', '0', '0', '0', '0', '0', 0, '', 'no', 'no', 'active'),
(265, '230722-Sat11', '2023-07-22', 'Saturday', 97, '00.00', 0, '0', '0', '0', '0', '0', '0', 0, '', 'no', 'no', 'active'),
(266, '230722-Sat12', '2023-07-22', 'Saturday', 98, '00.00', 0, '0', '0', '0', '0', '0', '0', 0, '', 'no', 'no', 'active'),
(267, '230723-Sun01', '2023-07-23', 'Sunday', 23, '00.00', 0, '0', '0', '0', '0', '0', '0', 0, '', 'no', 'no', 'active'),
(268, '230723-Sun02', '2023-07-23', 'Sunday', 13, '00.00', 0, '0', '0', '0', '0', '0', '0', 0, '', 'no', 'no', 'active'),
(269, '230723-Sun03', '2023-07-23', 'Sunday', 27, '00.00', 0, '0', '0', '0', '0', '0', '0', 0, '', 'no', 'no', 'active'),
(270, '230723-Sun04', '2023-07-23', 'Sunday', 15, '00.00', 0, '0', '0', '0', '0', '0', '0', 0, '', 'no', 'no', 'active'),
(271, '230723-Sun05', '2023-07-23', 'Sunday', 22, '00.00', 0, '0', '0', '0', '0', '0', '0', 0, '', 'no', 'no', 'active'),
(272, '230723-Sun06', '2023-07-23', 'Sunday', 14, '00.00', 0, '0', '0', '0', '0', '0', '0', 0, '', 'no', 'no', 'active'),
(273, '230723-Sun07', '2023-07-23', 'Sunday', 19, '00.00', 0, '0', '0', '0', '0', '0', '0', 0, '', 'no', 'no', 'active'),
(274, '230723-Sun08', '2023-07-23', 'Sunday', 20, '00.00', 0, '0', '0', '0', '0', '0', '0', 0, '', 'no', 'no', 'active'),
(275, '230723-Sun09', '2023-07-23', 'Sunday', 21, '00.00', 0, '0', '0', '0', '0', '0', '0', 0, '', 'no', 'no', 'active'),
(276, '230723-Sun10', '2023-07-23', 'Sunday', 24, '00.00', 0, '0', '0', '0', '0', '0', '0', 0, '', 'no', 'no', 'active'),
(277, '230723-Sun11', '2023-07-23', 'Sunday', 25, '00.00', 0, '0', '0', '0', '0', '0', '0', 0, '', 'no', 'no', 'active'),
(278, '230723-Sun12', '2023-07-23', 'Sunday', 26, '00.00', 0, '0', '0', '0', '0', '0', '0', 0, '', 'no', 'no', 'active'),
(279, '230724-Mon01', '2023-07-24', 'Monday', 35, '00.00', 0, '0', '0', '0', '0', '0', '0', 0, '', 'no', 'no', 'active'),
(280, '230724-Mon02', '2023-07-24', 'Monday', 28, '00.00', 0, '0', '0', '0', '0', '0', '0', 0, '', 'no', 'no', 'active'),
(281, '230724-Mon03', '2023-07-24', 'Monday', 39, '00.00', 0, '0', '0', '0', '0', '0', '0', 0, '', 'no', 'no', 'active'),
(282, '230724-Mon04', '2023-07-24', 'Monday', 30, '00.00', 0, '0', '0', '0', '0', '0', '0', 0, '', 'no', 'no', 'active'),
(283, '230724-Mon05', '2023-07-24', 'Monday', 34, '00.00', 0, '0', '0', '0', '0', '0', '0', 0, '', 'no', 'no', 'active'),
(284, '230724-Mon06', '2023-07-24', 'Monday', 29, '00.00', 0, '0', '0', '0', '0', '0', '0', 0, '', 'no', 'no', 'active'),
(285, '230724-Mon07', '2023-07-24', 'Monday', 31, '00.00', 0, '0', '0', '0', '0', '0', '0', 0, '', 'no', 'no', 'active'),
(286, '230724-Mon08', '2023-07-24', 'Monday', 32, '00.00', 0, '0', '0', '0', '0', '0', '0', 0, '', 'no', 'no', 'active'),
(287, '230724-Mon09', '2023-07-24', 'Monday', 33, '00.00', 0, '0', '0', '0', '0', '0', '0', 0, '', 'no', 'no', 'active'),
(288, '230724-Mon10', '2023-07-24', 'Monday', 36, '00.00', 0, '0', '0', '0', '0', '0', '0', 0, '', 'no', 'no', 'active'),
(289, '230724-Mon11', '2023-07-24', 'Monday', 37, '00.00', 0, '0', '0', '0', '0', '0', '0', 0, '', 'no', 'no', 'active'),
(290, '230724-Mon12', '2023-07-24', 'Monday', 38, '00.00', 0, '0', '0', '0', '0', '0', '0', 0, '', 'no', 'no', 'active'),
(291, '230725-Tue01', '2023-07-25', 'Tuesday', 47, '00.00', 0, '0', '0', '0', '0', '0', '0', 0, '', 'no', 'no', 'active'),
(292, '230725-Tue02', '2023-07-25', 'Tuesday', 40, '00.00', 0, '0', '0', '0', '0', '0', '0', 0, '', 'no', 'no', 'active'),
(293, '230725-Tue03', '2023-07-25', 'Tuesday', 51, '00.00', 0, '0', '0', '0', '0', '0', '0', 0, '', 'no', 'no', 'active'),
(294, '230725-Tue04', '2023-07-25', 'Tuesday', 42, '00.00', 0, '0', '0', '0', '0', '0', '0', 0, '', 'no', 'no', 'active'),
(295, '230725-Tue05', '2023-07-25', 'Tuesday', 46, '00.00', 0, '0', '0', '0', '0', '0', '0', 0, '', 'no', 'no', 'active'),
(296, '230725-Tue06', '2023-07-25', 'Tuesday', 41, '00.00', 0, '0', '0', '0', '0', '0', '0', 0, '', 'no', 'no', 'active'),
(297, '230725-Tue07', '2023-07-25', 'Tuesday', 43, '00.00', 0, '0', '0', '0', '0', '0', '0', 0, '', 'no', 'no', 'active'),
(298, '230725-Tue08', '2023-07-25', 'Tuesday', 44, '00.00', 0, '0', '0', '0', '0', '0', '0', 0, '', 'no', 'no', 'active'),
(299, '230725-Tue09', '2023-07-25', 'Tuesday', 45, '00.00', 0, '0', '0', '0', '0', '0', '0', 0, '', 'no', 'no', 'active'),
(300, '230725-Tue10', '2023-07-25', 'Tuesday', 48, '00.00', 0, '0', '0', '0', '0', '0', '0', 0, '', 'no', 'no', 'active'),
(301, '230725-Tue11', '2023-07-25', 'Tuesday', 49, '00.00', 0, '0', '0', '0', '0', '0', '0', 0, '', 'no', 'no', 'active'),
(302, '230725-Tue12', '2023-07-25', 'Tuesday', 50, '00.00', 0, '0', '0', '0', '0', '0', '0', 0, '', 'no', 'no', 'active'),
(303, '230726-Wed01', '2023-07-26', 'Wednesday', 59, '00.00', 0, '0', '0', '0', '0', '0', '0', 0, '', 'no', 'no', 'active'),
(304, '230726-Wed02', '2023-07-26', 'Wednesday', 52, '00.00', 0, '0', '0', '0', '0', '0', '0', 0, '', 'no', 'no', 'active'),
(305, '230726-Wed03', '2023-07-26', 'Wednesday', 63, '00.00', 0, '0', '0', '0', '0', '0', '0', 0, '', 'no', 'no', 'active'),
(306, '230726-Wed04', '2023-07-26', 'Wednesday', 54, '00.00', 0, '0', '0', '0', '0', '0', '0', 0, '', 'no', 'no', 'active'),
(307, '230726-Wed05', '2023-07-26', 'Wednesday', 58, '00.00', 0, '0', '0', '0', '0', '0', '0', 0, '', 'no', 'no', 'active'),
(308, '230726-Wed06', '2023-07-26', 'Wednesday', 53, '00.00', 0, '0', '0', '0', '0', '0', '0', 0, '', 'no', 'no', 'active'),
(309, '230726-Wed07', '2023-07-26', 'Wednesday', 55, '00.00', 0, '0', '0', '0', '0', '0', '0', 0, '', 'no', 'no', 'active'),
(310, '230726-Wed08', '2023-07-26', 'Wednesday', 56, '00.00', 0, '0', '0', '0', '0', '0', '0', 0, '', 'no', 'no', 'active'),
(311, '230726-Wed09', '2023-07-26', 'Wednesday', 57, '00.00', 0, '0', '0', '0', '0', '0', '0', 0, '', 'no', 'no', 'active'),
(312, '230726-Wed10', '2023-07-26', 'Wednesday', 60, '00.00', 0, '0', '0', '0', '0', '0', '0', 0, '', 'no', 'no', 'active'),
(313, '230726-Wed11', '2023-07-26', 'Wednesday', 61, '00.00', 0, '0', '0', '0', '0', '0', '0', 0, '', 'no', 'no', 'active'),
(314, '230726-Wed12', '2023-07-26', 'Wednesday', 62, '00.00', 0, '0', '0', '0', '0', '0', '0', 0, '', 'no', 'no', 'active'),
(315, '230727-Thu01', '2023-07-27', 'Thursday', 71, '00.00', 0, '0', '0', '0', '0', '0', '0', 0, '', 'no', 'no', 'active'),
(316, '230727-Thu02', '2023-07-27', 'Thursday', 64, '00.00', 0, '0', '0', '0', '0', '0', '0', 0, '', 'no', 'no', 'active'),
(317, '230727-Thu03', '2023-07-27', 'Thursday', 75, '00.00', 0, '0', '0', '0', '0', '0', '0', 0, '', 'no', 'no', 'active'),
(318, '230727-Thu04', '2023-07-27', 'Thursday', 66, '00.00', 0, '0', '0', '0', '0', '0', '0', 0, '', 'no', 'no', 'active'),
(319, '230727-Thu05', '2023-07-27', 'Thursday', 70, '00.00', 0, '0', '0', '0', '0', '0', '0', 0, '', 'no', 'no', 'active'),
(320, '230727-Thu06', '2023-07-27', 'Thursday', 65, '30', 0, '0', '0', '0', '0', '0', '0', 0, 'An Engine Failure', 'yes', 'no', 'active'),
(321, '230727-Thu07', '2023-07-27', 'Thursday', 67, '00.00', 0, '0', '0', '0', '0', '0', '0', 0, '', 'no', 'no', 'active'),
(322, '230727-Thu08', '2023-07-27', 'Thursday', 68, '00.00', 0, '0', '0', '0', '0', '0', '0', 0, '', 'no', 'no', 'active'),
(323, '230727-Thu09', '2023-07-27', 'Thursday', 69, '00.00', 0, '0', '0', '0', '0', '0', '0', 0, '', 'no', 'no', 'active'),
(324, '230727-Thu10', '2023-07-27', 'Thursday', 72, '00.00', 0, '0', '0', '0', '0', '0', '0', 0, '', 'no', 'no', 'active'),
(325, '230727-Thu11', '2023-07-27', 'Thursday', 73, '00.00', 0, '0', '0', '0', '0', '0', '0', 0, '', 'no', 'no', 'active'),
(326, '230727-Thu12', '2023-07-27', 'Thursday', 74, '00.00', 0, '0', '0', '0', '0', '0', '0', 0, '', 'no', 'no', 'active'),
(327, '230728-Fri01', '2023-07-28', 'Friday', 83, '00.00', 0, '0', '0', '0', '0', '0', '0', 0, '', 'no', 'no', 'active'),
(328, '230728-Fri02', '2023-07-28', 'Friday', 76, '00.00', 0, '0', '0', '0', '0', '0', '0', 0, '', 'no', 'no', 'active'),
(329, '230728-Fri03', '2023-07-28', 'Friday', 87, '00.00', 5, '0', '5', '0', '0', '0', '0', 0, '', 'no', 'no', 'active'),
(330, '230728-Fri04', '2023-07-28', 'Friday', 78, '00.00', 0, '0', '0', '0', '0', '0', '0', 0, '', 'no', 'no', 'active'),
(331, '230728-Fri05', '2023-07-28', 'Friday', 82, '00.00', 0, '0', '0', '0', '0', '0', '0', 0, '', 'no', 'no', 'active'),
(332, '230728-Fri06', '2023-07-28', 'Friday', 77, '00.00', 0, '0', '0', '0', '0', '0', '0', 0, '', 'no', 'no', 'active'),
(333, '230728-Fri07', '2023-07-28', 'Friday', 79, '00.00', 0, '0', '0', '0', '0', '0', '0', 0, '', 'no', 'no', 'active'),
(334, '230728-Fri08', '2023-07-28', 'Friday', 80, '00.00', 0, '0', '0', '0', '0', '0', '0', 0, '', 'no', 'no', 'active'),
(335, '230728-Fri09', '2023-07-28', 'Friday', 81, '20', 0, '0', '0', '0', '0', '0', '0', 0, 'Engine Fail', 'yes', 'no', 'active'),
(336, '230728-Fri10', '2023-07-28', 'Friday', 84, '00.00', 0, '0', '0', '0', '0', '0', '0', 0, '', 'no', 'no', 'active'),
(337, '230728-Fri11', '2023-07-28', 'Friday', 85, '00.00', 0, '0', '0', '0', '0', '0', '0', 0, '', 'no', 'no', 'active'),
(338, '230728-Fri12', '2023-07-28', 'Friday', 86, '00.00', 0, '0', '0', '0', '0', '0', '0', 0, '', 'no', 'no', 'active'),
(339, '230729-Sat01', '2023-07-29', 'Saturday', 95, '00.00', 0, '0', '0', '0', '0', '0', '0', 0, '', 'no', 'no', 'active'),
(340, '230729-Sat02', '2023-07-29', 'Saturday', 88, '00.00', 0, '0', '0', '0', '0', '0', '0', 0, '', 'no', 'no', 'active'),
(341, '230729-Sat03', '2023-07-29', 'Saturday', 99, '00.00', 0, '0', '0', '0', '0', '0', '0', 0, '', 'no', 'no', 'active'),
(342, '230729-Sat04', '2023-07-29', 'Saturday', 90, '00.00', 0, '0', '0', '0', '0', '0', '0', 0, '', 'no', 'no', 'active'),
(343, '230729-Sat05', '2023-07-29', 'Saturday', 94, '15', 0, '0', '0', '0', '0', '0', '0', 0, 'engine failure', 'yes', 'no', 'active'),
(344, '230729-Sat06', '2023-07-29', 'Saturday', 89, '00.00', 0, '0', '0', '0', '0', '0', '0', 0, '', 'no', 'no', 'active'),
(345, '230729-Sat07', '2023-07-29', 'Saturday', 91, '00.00', 0, '0', '0', '0', '0', '0', '0', 0, '', 'no', 'no', 'active'),
(346, '230729-Sat08', '2023-07-29', 'Saturday', 92, '00.00', 0, '0', '0', '0', '0', '0', '0', 0, '', 'no', 'no', 'active'),
(347, '230729-Sat09', '2023-07-29', 'Saturday', 93, '00.00', 0, '0', '0', '0', '0', '0', '0', 0, '', 'no', 'no', 'active'),
(348, '230729-Sat10', '2023-07-29', 'Saturday', 96, '00.00', 0, '0', '0', '0', '0', '0', '0', 0, '', 'no', 'no', 'active'),
(349, '230729-Sat11', '2023-07-29', 'Saturday', 97, '00.00', 0, '0', '0', '0', '0', '0', '0', 0, '', 'no', 'no', 'active'),
(350, '230729-Sat12', '2023-07-29', 'Saturday', 98, '00.00', 0, '0', '0', '0', '0', '0', '0', 0, '', 'no', 'no', 'active'),
(351, '230730-Sun01', '2023-07-30', 'Sunday', 23, '00.00', 0, '0', '0', '0', '0', '0', '0', 0, '', 'no', 'no', 'active'),
(352, '230730-Sun02', '2023-07-30', 'Sunday', 13, '00.00', 0, '0', '0', '0', '0', '0', '0', 0, '', 'no', 'no', 'active'),
(353, '230730-Sun03', '2023-07-30', 'Sunday', 27, '00:00', 5, '0', '0', '0', '5', '0', '0', 0, 'Driver Issue', 'yes', 'no', 'active'),
(354, '230730-Sun04', '2023-07-30', 'Sunday', 15, '00.00', 0, '0', '0', '0', '0', '0', '0', 0, '', 'no', 'no', 'active'),
(355, '230730-Sun05', '2023-07-30', 'Sunday', 22, '00.00', 0, '0', '0', '0', '0', '0', '0', 0, '', 'no', 'no', 'active'),
(356, '230730-Sun06', '2023-07-30', 'Sunday', 14, '00.00', 0, '0', '0', '0', '0', '0', '0', 0, '', 'no', 'no', 'active'),
(357, '230730-Sun07', '2023-07-30', 'Sunday', 19, '00.00', 0, '0', '0', '0', '0', '0', '0', 0, '', 'no', 'no', 'active'),
(358, '230730-Sun08', '2023-07-30', 'Sunday', 20, '00.00', 0, '0', '0', '0', '0', '0', '0', 0, '', 'no', 'no', 'active'),
(359, '230730-Sun09', '2023-07-30', 'Sunday', 21, '00.00', 0, '0', '0', '0', '0', '0', '0', 0, '', 'no', 'no', 'active'),
(360, '230730-Sun10', '2023-07-30', 'Sunday', 24, '00.00', 0, '0', '0', '0', '0', '0', '0', 0, '', 'no', 'no', 'active'),
(361, '230730-Sun11', '2023-07-30', 'Sunday', 25, '00.00', 0, '0', '0', '0', '0', '0', '0', 0, '', 'no', 'no', 'active'),
(362, '230730-Sun12', '2023-07-30', 'Sunday', 26, '00.00', 0, '0', '0', '0', '0', '0', '0', 0, '', 'no', 'no', 'active'),
(363, '230731-Mon01', '2023-07-31', 'Monday', 35, '00.00', 0, '0', '0', '0', '0', '0', '0', 0, '', 'no', 'no', 'active'),
(364, '230731-Mon02', '2023-07-31', 'Monday', 28, '00.00', 0, '0', '0', '0', '0', '0', '0', 0, '', 'no', 'no', 'active'),
(365, '230731-Mon03', '2023-07-31', 'Monday', 39, '00.00', 0, '0', '0', '0', '0', '0', '0', 0, '', 'no', 'no', 'active'),
(366, '230731-Mon04', '2023-07-31', 'Monday', 30, '00.00', 10, '0', '10', '0', '0', '0', '0', 0, '', 'no', 'no', 'active'),
(367, '230731-Mon05', '2023-07-31', 'Monday', 34, '00.00', 0, '0', '0', '0', '0', '0', '0', 0, '', 'no', 'no', 'active'),
(368, '230731-Mon06', '2023-07-31', 'Monday', 29, '00.00', 0, '0', '0', '0', '0', '0', '0', 0, '', 'no', 'no', 'active'),
(369, '230731-Mon07', '2023-07-31', 'Monday', 31, '00.00', 0, '0', '0', '0', '0', '0', '0', 0, '', 'no', 'no', 'active'),
(370, '230731-Mon08', '2023-07-31', 'Monday', 32, '00.00', 0, '0', '0', '0', '0', '0', '0', 0, '', 'no', 'no', 'active'),
(371, '230731-Mon09', '2023-07-31', 'Monday', 33, '00.00', 0, '0', '0', '0', '0', '0', '0', 0, '', 'no', 'no', 'active'),
(372, '230731-Mon10', '2023-07-31', 'Monday', 36, '00.00', 0, '0', '0', '0', '0', '0', '0', 0, '', 'no', 'no', 'active'),
(373, '230731-Mon11', '2023-07-31', 'Monday', 37, '00.00', 0, '0', '0', '0', '0', '0', '0', 0, '', 'no', 'no', 'active'),
(374, '230731-Mon12', '2023-07-31', 'Monday', 38, '00.00', 0, '0', '0', '0', '0', '0', '0', 0, '', 'no', 'no', 'active'),
(375, '230801-Tue01', '2023-08-01', 'Tuesday', 47, '00.00', 0, '0', '0', '0', '0', '0', '0', 0, '', 'no', 'no', 'active'),
(376, '230801-Tue02', '2023-08-01', 'Tuesday', 40, '00:00', 5, '0', '5', '0', '0', '0', '0', 0, '', 'no', 'no', 'active'),
(377, '230801-Tue03', '2023-08-01', 'Tuesday', 51, '00.00', 0, '0', '0', '0', '0', '0', '0', 0, '', 'no', 'no', 'active'),
(378, '230801-Tue04', '2023-08-01', 'Tuesday', 42, '00.00', 0, '0', '0', '0', '0', '0', '0', 0, '', 'no', 'no', 'active'),
(379, '230801-Tue05', '2023-08-01', 'Tuesday', 46, '00.00', 0, '0', '0', '0', '0', '0', '0', 0, '', 'no', 'no', 'active'),
(380, '230801-Tue06', '2023-08-01', 'Tuesday', 41, '00.00', 0, '0', '0', '0', '0', '0', '0', 0, '', 'no', 'no', 'active'),
(381, '230801-Tue07', '2023-08-01', 'Tuesday', 43, '00.00', 0, '0', '0', '0', '0', '0', '0', 0, '', 'no', 'no', 'active'),
(382, '230801-Tue08', '2023-08-01', 'Tuesday', 44, '00.00', 0, '0', '0', '0', '0', '0', '0', 0, '', 'no', 'no', 'active'),
(383, '230801-Tue09', '2023-08-01', 'Tuesday', 45, '00.00', 0, '0', '0', '0', '0', '0', '0', 0, '', 'no', 'no', 'active'),
(384, '230801-Tue10', '2023-08-01', 'Tuesday', 48, '00.00', 0, '0', '0', '0', '0', '0', '0', 0, '', 'no', 'no', 'active'),
(385, '230801-Tue11', '2023-08-01', 'Tuesday', 49, '00.00', 0, '0', '0', '0', '0', '0', '0', 0, '', 'no', 'no', 'active'),
(386, '230801-Tue12', '2023-08-01', 'Tuesday', 50, '00.00', 0, '0', '0', '0', '0', '0', '0', 0, '', 'no', 'no', 'active'),
(387, '230802-Wed01', '2023-08-02', 'Wednesday', 59, '00.00', 0, '0', '0', '0', '0', '0', '0', 0, '', 'no', 'no', 'active'),
(388, '230802-Wed02', '2023-08-02', 'Wednesday', 52, '00.00', 0, '0', '0', '0', '0', '0', '0', 0, '', 'no', 'no', 'active'),
(389, '230802-Wed03', '2023-08-02', 'Wednesday', 63, '00.00', 0, '0', '0', '0', '0', '0', '0', 0, '', 'no', 'no', 'active'),
(390, '230802-Wed04', '2023-08-02', 'Wednesday', 54, '00.00', 0, '0', '0', '0', '0', '0', '0', 0, '', 'no', 'no', 'active'),
(391, '230802-Wed05', '2023-08-02', 'Wednesday', 58, '00.00', 0, '0', '0', '0', '0', '0', '0', 0, '', 'no', 'no', 'active'),
(392, '230802-Wed06', '2023-08-02', 'Wednesday', 53, '00.00', 0, '0', '0', '0', '0', '0', '0', 0, '', 'no', 'no', 'active'),
(393, '230802-Wed07', '2023-08-02', 'Wednesday', 55, '00.00', 0, '0', '0', '0', '0', '0', '0', 0, '', 'no', 'no', 'active'),
(394, '230802-Wed08', '2023-08-02', 'Wednesday', 56, '00.00', 0, '0', '0', '0', '0', '0', '0', 0, '', 'no', 'no', 'active'),
(395, '230802-Wed09', '2023-08-02', 'Wednesday', 57, '00.00', 0, '0', '0', '0', '0', '0', '0', 0, '', 'no', 'no', 'active'),
(396, '230802-Wed10', '2023-08-02', 'Wednesday', 60, '00.00', 0, '0', '0', '0', '0', '0', '0', 0, '', 'no', 'no', 'active'),
(397, '230802-Wed11', '2023-08-02', 'Wednesday', 61, '00.00', 0, '0', '0', '0', '0', '0', '0', 0, '', 'no', 'no', 'active'),
(398, '230802-Wed12', '2023-08-02', 'Wednesday', 62, '00.00', 0, '0', '0', '0', '0', '0', '0', 0, '', 'no', 'no', 'active'),
(399, '230803-Thu01', '2023-08-03', 'Thursday', 71, '00.00', 0, '0', '0', '0', '0', '0', '0', 0, '', 'no', 'no', 'active'),
(400, '230803-Thu02', '2023-08-03', 'Thursday', 64, '00.00', 0, '0', '0', '0', '0', '0', '0', 0, '', 'no', 'no', 'active'),
(401, '230803-Thu03', '2023-08-03', 'Thursday', 75, '00.00', 0, '0', '0', '0', '0', '0', '0', 0, '', 'no', 'no', 'active'),
(402, '230803-Thu04', '2023-08-03', 'Thursday', 66, '00.00', 0, '0', '0', '0', '0', '0', '0', 0, '', 'no', 'no', 'active'),
(403, '230803-Thu05', '2023-08-03', 'Thursday', 70, '00.00', 0, '0', '0', '0', '0', '0', '0', 0, '', 'no', 'no', 'active'),
(404, '230803-Thu06', '2023-08-03', 'Thursday', 65, '00.00', 0, '0', '0', '0', '0', '0', '0', 0, '', 'no', 'no', 'active'),
(405, '230803-Thu07', '2023-08-03', 'Thursday', 67, '00.00', 0, '0', '0', '0', '0', '0', '0', 0, '', 'no', 'no', 'active'),
(406, '230803-Thu08', '2023-08-03', 'Thursday', 68, '00.00', 0, '0', '0', '0', '0', '0', '0', 0, '', 'no', 'no', 'active'),
(407, '230803-Thu09', '2023-08-03', 'Thursday', 69, '00.00', 0, '0', '0', '0', '0', '0', '0', 0, '', 'no', 'no', 'active'),
(408, '230803-Thu10', '2023-08-03', 'Thursday', 72, '00.00', 0, '0', '0', '0', '0', '0', '0', 0, '', 'no', 'no', 'active'),
(409, '230803-Thu11', '2023-08-03', 'Thursday', 73, '00.00', 0, '0', '0', '0', '0', '0', '0', 0, '', 'no', 'no', 'active'),
(410, '230803-Thu12', '2023-08-03', 'Thursday', 74, '00.00', 0, '0', '0', '0', '0', '0', '0', 0, '', 'no', 'no', 'active'),
(411, '230804-Fri01', '2023-08-04', 'Friday', 83, '00.00', 0, '0', '0', '0', '0', '0', '0', 0, '', 'no', 'no', 'active'),
(412, '230804-Fri02', '2023-08-04', 'Friday', 76, '00.00', 0, '0', '0', '0', '0', '0', '0', 0, '', 'no', 'no', 'active');
INSERT INTO `tbl_daily_trains` (`id`, `daily_code`, `date`, `day`, `schedule_id`, `delay`, `booked_seats`, `mclass_1`, `wclass_1`, `mclass_2`, `wclass_2`, `mclass_3`, `wclass_3`, `remainning_seats`, `emergency_message`, `delay_stat`, `cancel_stat`, `status`) VALUES
(413, '230804-Fri03', '2023-08-04', 'Friday', 87, '00.00', 0, '0', '0', '0', '0', '0', '0', 0, '', 'no', 'no', 'active'),
(414, '230804-Fri04', '2023-08-04', 'Friday', 78, '00.00', 0, '0', '0', '0', '0', '0', '0', 0, '', 'no', 'no', 'active'),
(415, '230804-Fri05', '2023-08-04', 'Friday', 82, '00.00', 0, '0', '0', '0', '0', '0', '0', 0, '', 'no', 'no', 'active'),
(416, '230804-Fri06', '2023-08-04', 'Friday', 77, '00.00', 0, '0', '0', '0', '0', '0', '0', 0, '', 'no', 'no', 'active'),
(417, '230804-Fri07', '2023-08-04', 'Friday', 79, '00.00', 0, '0', '0', '0', '0', '0', '0', 0, '', 'no', 'no', 'active'),
(418, '230804-Fri08', '2023-08-04', 'Friday', 80, '00.00', 0, '0', '0', '0', '0', '0', '0', 0, '', 'no', 'no', 'active'),
(419, '230804-Fri09', '2023-08-04', 'Friday', 81, '00.00', 0, '0', '0', '0', '0', '0', '0', 0, '', 'no', 'no', 'active'),
(420, '230804-Fri10', '2023-08-04', 'Friday', 84, '00.00', 0, '0', '0', '0', '0', '0', '0', 0, '', 'no', 'no', 'active'),
(421, '230804-Fri11', '2023-08-04', 'Friday', 85, '00.00', 0, '0', '0', '0', '0', '0', '0', 0, '', 'no', 'no', 'active'),
(422, '230804-Fri12', '2023-08-04', 'Friday', 86, '00.00', 0, '0', '0', '0', '0', '0', '0', 0, '', 'no', 'no', 'active'),
(423, '230805-Sat01', '2023-08-05', 'Saturday', 95, '00.00', 0, '0', '0', '0', '0', '0', '0', 0, '', 'no', 'no', 'active'),
(424, '230805-Sat02', '2023-08-05', 'Saturday', 88, '00.00', 0, '0', '0', '0', '0', '0', '0', 0, '', 'no', 'no', 'active'),
(425, '230805-Sat03', '2023-08-05', 'Saturday', 99, '00.00', 0, '0', '0', '0', '0', '0', '0', 0, '', 'no', 'no', 'active'),
(426, '230805-Sat04', '2023-08-05', 'Saturday', 90, '00.00', 0, '0', '0', '0', '0', '0', '0', 0, '', 'no', 'no', 'active'),
(427, '230805-Sat05', '2023-08-05', 'Saturday', 94, '00.00', 0, '0', '0', '0', '0', '0', '0', 0, '', 'no', 'no', 'active'),
(428, '230805-Sat06', '2023-08-05', 'Saturday', 89, '00.00', 0, '0', '0', '0', '0', '0', '0', 0, '', 'no', 'no', 'active'),
(429, '230805-Sat07', '2023-08-05', 'Saturday', 91, '00.00', 0, '0', '0', '0', '0', '0', '0', 0, '', 'no', 'no', 'active'),
(430, '230805-Sat08', '2023-08-05', 'Saturday', 92, '00.00', 0, '0', '0', '0', '0', '0', '0', 0, '', 'no', 'no', 'active'),
(431, '230805-Sat09', '2023-08-05', 'Saturday', 93, '00.00', 0, '0', '0', '0', '0', '0', '0', 0, '', 'no', 'no', 'active'),
(432, '230805-Sat10', '2023-08-05', 'Saturday', 96, '00.00', 2, '0', '0', '0', '0', '2', '0', 0, '', 'no', 'no', 'active'),
(433, '230805-Sat11', '2023-08-05', 'Saturday', 97, '00.00', 0, '0', '0', '0', '0', '0', '0', 0, '', 'no', 'no', 'active'),
(434, '230805-Sat12', '2023-08-05', 'Saturday', 98, '00.00', 0, '0', '0', '0', '0', '0', '0', 0, '', 'no', 'no', 'active'),
(435, '230806-Sun01', '2023-08-06', 'Sunday', 23, '00.00', 0, '0', '0', '0', '0', '0', '0', 0, '', 'no', 'no', 'active'),
(436, '230806-Sun02', '2023-08-06', 'Sunday', 13, '00.00', 0, '0', '0', '0', '0', '0', '0', 0, '', 'no', 'no', 'active'),
(437, '230806-Sun03', '2023-08-06', 'Sunday', 27, '00.00', 0, '0', '0', '0', '0', '0', '0', 0, '', 'no', 'no', 'active'),
(438, '230806-Sun04', '2023-08-06', 'Sunday', 15, '00.00', 0, '0', '0', '0', '0', '0', '0', 0, '', 'no', 'no', 'active'),
(439, '230806-Sun05', '2023-08-06', 'Sunday', 22, '00.00', 0, '0', '0', '0', '0', '0', '0', 0, '', 'no', 'no', 'active'),
(440, '230806-Sun06', '2023-08-06', 'Sunday', 14, '00.00', 0, '0', '0', '0', '0', '0', '0', 0, '', 'no', 'no', 'active'),
(441, '230806-Sun07', '2023-08-06', 'Sunday', 19, '00.00', 0, '0', '0', '0', '0', '0', '0', 0, '', 'no', 'no', 'active'),
(442, '230806-Sun08', '2023-08-06', 'Sunday', 20, '00.00', 0, '0', '0', '0', '0', '0', '0', 0, '', 'no', 'no', 'active'),
(443, '230806-Sun09', '2023-08-06', 'Sunday', 21, '00.00', 0, '0', '0', '0', '0', '0', '0', 0, '', 'no', 'no', 'active'),
(444, '230806-Sun10', '2023-08-06', 'Sunday', 24, '00.00', 0, '0', '0', '0', '0', '0', '0', 0, '', 'no', 'no', 'active'),
(445, '230806-Sun11', '2023-08-06', 'Sunday', 25, '00.00', 0, '0', '0', '0', '0', '0', '0', 0, '', 'no', 'no', 'active'),
(446, '230806-Sun12', '2023-08-06', 'Sunday', 26, '00.00', 0, '0', '0', '0', '0', '0', '0', 0, '', 'no', 'no', 'active'),
(447, '230807-Mon01', '2023-08-07', 'Monday', 35, '00.00', 0, '0', '0', '0', '0', '0', '0', 0, '', 'no', 'no', 'active'),
(448, '230807-Mon02', '2023-08-07', 'Monday', 28, '00.00', 0, '0', '0', '0', '0', '0', '0', 0, '', 'no', 'no', 'active'),
(449, '230807-Mon03', '2023-08-07', 'Monday', 39, '00.00', 0, '0', '0', '0', '0', '0', '0', 0, '', 'no', 'no', 'active'),
(450, '230807-Mon04', '2023-08-07', 'Monday', 30, '00.00', 0, '0', '0', '0', '0', '0', '0', 0, '', 'no', 'no', 'active'),
(451, '230807-Mon05', '2023-08-07', 'Monday', 34, '00.00', 0, '0', '0', '0', '0', '0', '0', 0, '', 'no', 'no', 'active'),
(452, '230807-Mon06', '2023-08-07', 'Monday', 29, '00.00', 0, '0', '0', '0', '0', '0', '0', 0, '', 'no', 'no', 'active'),
(453, '230807-Mon07', '2023-08-07', 'Monday', 31, '00.00', 0, '0', '0', '0', '0', '0', '0', 0, '', 'no', 'no', 'active'),
(454, '230807-Mon08', '2023-08-07', 'Monday', 32, '00.00', 0, '0', '0', '0', '0', '0', '0', 0, '', 'no', 'no', 'active'),
(455, '230807-Mon09', '2023-08-07', 'Monday', 33, '00.00', 0, '0', '0', '0', '0', '0', '0', 0, '', 'no', 'no', 'active'),
(456, '230807-Mon10', '2023-08-07', 'Monday', 36, '00.00', 0, '0', '0', '0', '0', '0', '0', 0, '', 'no', 'no', 'active'),
(457, '230807-Mon11', '2023-08-07', 'Monday', 37, '00.00', 0, '0', '0', '0', '0', '0', '0', 0, '', 'no', 'no', 'active'),
(458, '230807-Mon12', '2023-08-07', 'Monday', 38, '00.00', 0, '0', '0', '0', '0', '0', '0', 0, '', 'no', 'no', 'active'),
(459, '230808-Tue01', '2023-08-08', 'Tuesday', 47, '00.00', 0, '0', '0', '0', '0', '0', '0', 0, '', 'no', 'no', 'active'),
(460, '230808-Tue02', '2023-08-08', 'Tuesday', 40, '00.00', 0, '0', '0', '0', '0', '0', '0', 0, '', 'no', 'no', 'active'),
(461, '230808-Tue03', '2023-08-08', 'Tuesday', 51, '00.00', 0, '0', '0', '0', '0', '0', '0', 0, '', 'no', 'no', 'active'),
(462, '230808-Tue04', '2023-08-08', 'Tuesday', 42, '00.00', 0, '0', '0', '0', '0', '0', '0', 0, '', 'no', 'no', 'active'),
(463, '230808-Tue05', '2023-08-08', 'Tuesday', 46, '00.00', 0, '0', '0', '0', '0', '0', '0', 0, '', 'no', 'no', 'active'),
(464, '230808-Tue06', '2023-08-08', 'Tuesday', 41, '00.00', 0, '0', '0', '0', '0', '0', '0', 0, '', 'no', 'no', 'active'),
(465, '230808-Tue07', '2023-08-08', 'Tuesday', 43, '00.00', 0, '0', '0', '0', '0', '0', '0', 0, '', 'no', 'no', 'active'),
(466, '230808-Tue08', '2023-08-08', 'Tuesday', 44, '00.00', 0, '0', '0', '0', '0', '0', '0', 0, '', 'no', 'no', 'active'),
(467, '230808-Tue09', '2023-08-08', 'Tuesday', 45, '00.00', 0, '0', '0', '0', '0', '0', '0', 0, '', 'no', 'no', 'active'),
(468, '230808-Tue10', '2023-08-08', 'Tuesday', 48, '00.00', 0, '0', '0', '0', '0', '0', '0', 0, '', 'no', 'no', 'active'),
(469, '230808-Tue11', '2023-08-08', 'Tuesday', 49, '00.00', 0, '0', '0', '0', '0', '0', '0', 0, '', 'no', 'no', 'active'),
(470, '230808-Tue12', '2023-08-08', 'Tuesday', 50, '00.00', 0, '0', '0', '0', '0', '0', '0', 0, '', 'no', 'no', 'active'),
(471, '230809-Wed01', '2023-08-09', 'Wednesday', 59, '00.00', 0, '0', '0', '0', '0', '0', '0', 0, '', 'no', 'no', 'active'),
(472, '230809-Wed02', '2023-08-09', 'Wednesday', 52, '00.00', 0, '0', '0', '0', '0', '0', '0', 0, '', 'no', 'no', 'active'),
(473, '230809-Wed03', '2023-08-09', 'Wednesday', 63, '00.00', 0, '0', '0', '0', '0', '0', '0', 0, '', 'no', 'no', 'active'),
(474, '230809-Wed04', '2023-08-09', 'Wednesday', 54, '00.00', 0, '0', '0', '0', '0', '0', '0', 0, '', 'no', 'no', 'active'),
(475, '230809-Wed05', '2023-08-09', 'Wednesday', 58, '00.00', 0, '0', '0', '0', '0', '0', '0', 0, '', 'no', 'no', 'active'),
(476, '230809-Wed06', '2023-08-09', 'Wednesday', 53, '00.00', 0, '0', '0', '0', '0', '0', '0', 0, '', 'no', 'no', 'active'),
(477, '230809-Wed07', '2023-08-09', 'Wednesday', 55, '00.00', 0, '0', '0', '0', '0', '0', '0', 0, '', 'no', 'no', 'active'),
(478, '230809-Wed08', '2023-08-09', 'Wednesday', 56, '00.00', 0, '0', '0', '0', '0', '0', '0', 0, '', 'no', 'no', 'active'),
(479, '230809-Wed09', '2023-08-09', 'Wednesday', 57, '00.00', 0, '0', '0', '0', '0', '0', '0', 0, '', 'no', 'no', 'active'),
(480, '230809-Wed10', '2023-08-09', 'Wednesday', 60, '00.00', 0, '0', '0', '0', '0', '0', '0', 0, '', 'no', 'no', 'active'),
(481, '230809-Wed11', '2023-08-09', 'Wednesday', 61, '00.00', 0, '0', '0', '0', '0', '0', '0', 0, '', 'no', 'no', 'active'),
(482, '230809-Wed12', '2023-08-09', 'Wednesday', 62, '00.00', 0, '0', '0', '0', '0', '0', '0', 0, '', 'no', 'no', 'active'),
(483, '230810-Thu01', '2023-08-10', 'Thursday', 71, '00.00', 0, '0', '0', '0', '0', '0', '0', 0, '', 'no', 'no', 'active'),
(484, '230810-Thu02', '2023-08-10', 'Thursday', 64, '00.00', 0, '0', '0', '0', '0', '0', '0', 0, '', 'no', 'no', 'active'),
(485, '230810-Thu03', '2023-08-10', 'Thursday', 75, '00.00', 0, '0', '0', '0', '0', '0', '0', 0, '', 'no', 'no', 'active'),
(486, '230810-Thu04', '2023-08-10', 'Thursday', 66, '00.00', 0, '0', '0', '0', '0', '0', '0', 0, '', 'no', 'no', 'active'),
(487, '230810-Thu05', '2023-08-10', 'Thursday', 70, '00.00', 0, '0', '0', '0', '0', '0', '0', 0, '', 'no', 'no', 'active'),
(488, '230810-Thu06', '2023-08-10', 'Thursday', 65, '00.00', 0, '0', '0', '0', '0', '0', '0', 0, '', 'no', 'no', 'active'),
(489, '230810-Thu07', '2023-08-10', 'Thursday', 67, '00.00', 0, '0', '0', '0', '0', '0', '0', 0, '', 'no', 'no', 'active'),
(490, '230810-Thu08', '2023-08-10', 'Thursday', 68, '00.00', 0, '0', '0', '0', '0', '0', '0', 0, '', 'no', 'no', 'active'),
(491, '230810-Thu09', '2023-08-10', 'Thursday', 69, '00.00', 0, '0', '0', '0', '0', '0', '0', 0, '', 'no', 'no', 'active'),
(492, '230810-Thu10', '2023-08-10', 'Thursday', 72, '00.00', 0, '0', '0', '0', '0', '0', '0', 0, '', 'no', 'no', 'active'),
(493, '230810-Thu11', '2023-08-10', 'Thursday', 73, '00.00', 0, '0', '0', '0', '0', '0', '0', 0, '', 'no', 'no', 'active'),
(494, '230810-Thu12', '2023-08-10', 'Thursday', 74, '00.00', 0, '0', '0', '0', '0', '0', '0', 0, '', 'no', 'no', 'active'),
(495, '230811-Fri01', '2023-08-11', 'Friday', 83, '00.00', 0, '0', '0', '0', '0', '0', '0', 0, '', 'no', 'no', 'active'),
(496, '230811-Fri02', '2023-08-11', 'Friday', 76, '00.00', 0, '0', '0', '0', '0', '0', '0', 0, '', 'no', 'no', 'active'),
(497, '230811-Fri03', '2023-08-11', 'Friday', 87, '00.00', 0, '0', '0', '0', '0', '0', '0', 0, '', 'no', 'no', 'active'),
(498, '230811-Fri04', '2023-08-11', 'Friday', 78, '00.00', 0, '0', '0', '0', '0', '0', '0', 0, '', 'no', 'no', 'active'),
(499, '230811-Fri05', '2023-08-11', 'Friday', 82, '00.00', 0, '0', '0', '0', '0', '0', '0', 0, '', 'no', 'no', 'active'),
(500, '230811-Fri06', '2023-08-11', 'Friday', 77, '00.00', 0, '0', '0', '0', '0', '0', '0', 0, '', 'no', 'no', 'active'),
(501, '230811-Fri07', '2023-08-11', 'Friday', 79, '00.00', 0, '0', '0', '0', '0', '0', '0', 0, '', 'no', 'no', 'active'),
(502, '230811-Fri08', '2023-08-11', 'Friday', 80, '00.00', 0, '0', '0', '0', '0', '0', '0', 0, '', 'no', 'no', 'active'),
(503, '230811-Fri09', '2023-08-11', 'Friday', 81, '00.00', 0, '0', '0', '0', '0', '0', '0', 0, '', 'no', 'no', 'active'),
(504, '230811-Fri10', '2023-08-11', 'Friday', 84, '00.00', 0, '0', '0', '0', '0', '0', '0', 0, '', 'no', 'no', 'active'),
(505, '230811-Fri11', '2023-08-11', 'Friday', 85, '00.00', 0, '0', '0', '0', '0', '0', '0', 0, '', 'no', 'no', 'active'),
(506, '230811-Fri12', '2023-08-11', 'Friday', 86, '00.00', 0, '0', '0', '0', '0', '0', '0', 0, '', 'no', 'no', 'active'),
(507, '230812-Sat01', '2023-08-12', 'Saturday', 95, '00.00', 0, '0', '0', '0', '0', '0', '0', 0, '', 'no', 'no', 'active'),
(508, '230812-Sat02', '2023-08-12', 'Saturday', 88, '00.00', 0, '0', '0', '0', '0', '0', '0', 0, '', 'no', 'no', 'active'),
(509, '230812-Sat03', '2023-08-12', 'Saturday', 99, '00.00', 0, '0', '0', '0', '0', '0', '0', 0, '', 'no', 'no', 'active'),
(510, '230812-Sat04', '2023-08-12', 'Saturday', 90, '00.00', 0, '0', '0', '0', '0', '0', '0', 0, '', 'no', 'no', 'active'),
(511, '230812-Sat05', '2023-08-12', 'Saturday', 94, '00.00', 0, '0', '0', '0', '0', '0', '0', 0, '', 'no', 'no', 'active'),
(512, '230812-Sat06', '2023-08-12', 'Saturday', 89, '00.00', 0, '0', '0', '0', '0', '0', '0', 0, '', 'no', 'no', 'active'),
(513, '230812-Sat07', '2023-08-12', 'Saturday', 91, '00.00', 0, '0', '0', '0', '0', '0', '0', 0, '', 'no', 'no', 'active'),
(514, '230812-Sat08', '2023-08-12', 'Saturday', 92, '00.00', 0, '0', '0', '0', '0', '0', '0', 0, '', 'no', 'no', 'active'),
(515, '230812-Sat09', '2023-08-12', 'Saturday', 93, '00.00', 0, '0', '0', '0', '0', '0', '0', 0, '', 'no', 'no', 'active'),
(516, '230812-Sat10', '2023-08-12', 'Saturday', 96, '00.00', 0, '0', '0', '0', '0', '0', '0', 0, '', 'no', 'no', 'active'),
(517, '230812-Sat11', '2023-08-12', 'Saturday', 97, '00.00', 0, '0', '0', '0', '0', '0', '0', 0, '', 'no', 'no', 'active'),
(518, '230812-Sat12', '2023-08-12', 'Saturday', 98, '00.00', 0, '0', '0', '0', '0', '0', '0', 0, '', 'no', 'no', 'active'),
(519, '230813-Sun01', '2023-08-13', 'Sunday', 23, '00.00', 0, '0', '0', '0', '0', '0', '0', 0, '', 'no', 'no', 'active'),
(520, '230813-Sun02', '2023-08-13', 'Sunday', 13, '00.00', 0, '0', '0', '0', '0', '0', '0', 0, '', 'no', 'no', 'active'),
(521, '230813-Sun03', '2023-08-13', 'Sunday', 27, '00.00', 0, '0', '0', '0', '0', '0', '0', 0, '', 'no', 'no', 'active'),
(522, '230813-Sun04', '2023-08-13', 'Sunday', 15, '00.00', 0, '0', '0', '0', '0', '0', '0', 0, '', 'no', 'no', 'active'),
(523, '230813-Sun05', '2023-08-13', 'Sunday', 22, '00.00', 0, '0', '0', '0', '0', '0', '0', 0, '', 'no', 'no', 'active'),
(524, '230813-Sun06', '2023-08-13', 'Sunday', 14, '00.00', 0, '0', '0', '0', '0', '0', '0', 0, '', 'no', 'no', 'active'),
(525, '230813-Sun07', '2023-08-13', 'Sunday', 19, '00.00', 0, '0', '0', '0', '0', '0', '0', 0, '', 'no', 'no', 'active'),
(526, '230813-Sun08', '2023-08-13', 'Sunday', 20, '00.00', 0, '0', '0', '0', '0', '0', '0', 0, '', 'no', 'no', 'active'),
(527, '230813-Sun09', '2023-08-13', 'Sunday', 21, '00.00', 0, '0', '0', '0', '0', '0', '0', 0, '', 'no', 'no', 'active'),
(528, '230813-Sun10', '2023-08-13', 'Sunday', 24, '00.00', 0, '0', '0', '0', '0', '0', '0', 0, '', 'no', 'no', 'active'),
(529, '230813-Sun11', '2023-08-13', 'Sunday', 25, '00.00', 0, '0', '0', '0', '0', '0', '0', 0, '', 'no', 'no', 'active'),
(530, '230813-Sun12', '2023-08-13', 'Sunday', 26, '00.00', 0, '0', '0', '0', '0', '0', '0', 0, '', 'no', 'no', 'active'),
(531, '230814-Mon01', '2023-08-14', 'Monday', 35, '00.00', 0, '0', '0', '0', '0', '0', '0', 0, '', 'no', 'no', 'active'),
(532, '230814-Mon02', '2023-08-14', 'Monday', 28, '00.00', 0, '0', '0', '0', '0', '0', '0', 0, '', 'no', 'no', 'active'),
(533, '230814-Mon03', '2023-08-14', 'Monday', 39, '00.00', 0, '0', '0', '0', '0', '0', '0', 0, '', 'no', 'no', 'active'),
(534, '230814-Mon04', '2023-08-14', 'Monday', 30, '00.00', 0, '0', '0', '0', '0', '0', '0', 0, '', 'no', 'no', 'active'),
(535, '230814-Mon05', '2023-08-14', 'Monday', 34, '00.00', 0, '0', '0', '0', '0', '0', '0', 0, '', 'no', 'no', 'active'),
(536, '230814-Mon06', '2023-08-14', 'Monday', 29, '00.00', 0, '0', '0', '0', '0', '0', '0', 0, '', 'no', 'no', 'active'),
(537, '230814-Mon07', '2023-08-14', 'Monday', 31, '00.00', 0, '0', '0', '0', '0', '0', '0', 0, '', 'no', 'no', 'active'),
(538, '230814-Mon08', '2023-08-14', 'Monday', 32, '00.00', 0, '0', '0', '0', '0', '0', '0', 0, '', 'no', 'no', 'active'),
(539, '230814-Mon09', '2023-08-14', 'Monday', 33, '00.00', 0, '0', '0', '0', '0', '0', '0', 0, '', 'no', 'no', 'active'),
(540, '230814-Mon10', '2023-08-14', 'Monday', 36, '00.00', 0, '0', '0', '0', '0', '0', '0', 0, '', 'no', 'no', 'active'),
(541, '230814-Mon11', '2023-08-14', 'Monday', 37, '00.00', 0, '0', '0', '0', '0', '0', '0', 0, '', 'no', 'no', 'active'),
(542, '230814-Mon12', '2023-08-14', 'Monday', 38, '00.00', 0, '0', '0', '0', '0', '0', '0', 0, '', 'no', 'no', 'active'),
(543, '230815-Tue01', '2023-08-15', 'Tuesday', 47, '00.00', 0, '0', '0', '0', '0', '0', '0', 0, '', 'no', 'no', 'active'),
(544, '230815-Tue02', '2023-08-15', 'Tuesday', 40, '00.00', 0, '0', '0', '0', '0', '0', '0', 0, '', 'no', 'no', 'active'),
(545, '230815-Tue03', '2023-08-15', 'Tuesday', 51, '00.00', 0, '0', '0', '0', '0', '0', '0', 0, '', 'no', 'no', 'active'),
(546, '230815-Tue04', '2023-08-15', 'Tuesday', 42, '00.00', 0, '0', '0', '0', '0', '0', '0', 0, '', 'no', 'no', 'active'),
(547, '230815-Tue05', '2023-08-15', 'Tuesday', 46, '00.00', 0, '0', '0', '0', '0', '0', '0', 0, '', 'no', 'no', 'active'),
(548, '230815-Tue06', '2023-08-15', 'Tuesday', 41, '00.00', 0, '0', '0', '0', '0', '0', '0', 0, '', 'no', 'no', 'active'),
(549, '230815-Tue07', '2023-08-15', 'Tuesday', 43, '00.00', 0, '0', '0', '0', '0', '0', '0', 0, '', 'no', 'no', 'active'),
(550, '230815-Tue08', '2023-08-15', 'Tuesday', 44, '00.00', 0, '0', '0', '0', '0', '0', '0', 0, '', 'no', 'no', 'active'),
(551, '230815-Tue09', '2023-08-15', 'Tuesday', 45, '00.00', 0, '0', '0', '0', '0', '0', '0', 0, '', 'no', 'no', 'active'),
(552, '230815-Tue10', '2023-08-15', 'Tuesday', 48, '00.00', 0, '0', '0', '0', '0', '0', '0', 0, '', 'no', 'no', 'active'),
(553, '230815-Tue11', '2023-08-15', 'Tuesday', 49, '00.00', 0, '0', '0', '0', '0', '0', '0', 0, '', 'no', 'no', 'active'),
(554, '230815-Tue12', '2023-08-15', 'Tuesday', 50, '00.00', 0, '0', '0', '0', '0', '0', '0', 0, '', 'no', 'no', 'active'),
(555, '230816-Wed01', '2023-08-16', 'Wednesday', 59, '00.00', 0, '0', '0', '0', '0', '0', '0', 0, '', 'no', 'no', 'active'),
(556, '230816-Wed02', '2023-08-16', 'Wednesday', 52, '00.00', 0, '0', '0', '0', '0', '0', '0', 0, '', 'no', 'no', 'active'),
(557, '230816-Wed03', '2023-08-16', 'Wednesday', 63, '00.00', 0, '0', '0', '0', '0', '0', '0', 0, '', 'no', 'no', 'active'),
(558, '230816-Wed04', '2023-08-16', 'Wednesday', 54, '00.00', 0, '0', '0', '0', '0', '0', '0', 0, '', 'no', 'no', 'active'),
(559, '230816-Wed05', '2023-08-16', 'Wednesday', 58, '00.00', 0, '0', '0', '0', '0', '0', '0', 0, '', 'no', 'no', 'active'),
(560, '230816-Wed06', '2023-08-16', 'Wednesday', 53, '00.00', 0, '0', '0', '0', '0', '0', '0', 0, '', 'no', 'no', 'active'),
(561, '230816-Wed07', '2023-08-16', 'Wednesday', 55, '00.00', 0, '0', '0', '0', '0', '0', '0', 0, '', 'no', 'no', 'active'),
(562, '230816-Wed08', '2023-08-16', 'Wednesday', 56, '00.00', 0, '0', '0', '0', '0', '0', '0', 0, '', 'no', 'no', 'active'),
(563, '230816-Wed09', '2023-08-16', 'Wednesday', 57, '00.00', 0, '0', '0', '0', '0', '0', '0', 0, '', 'no', 'no', 'active'),
(564, '230816-Wed10', '2023-08-16', 'Wednesday', 60, '00.00', 0, '0', '0', '0', '0', '0', '0', 0, '', 'no', 'no', 'active'),
(565, '230816-Wed11', '2023-08-16', 'Wednesday', 61, '00.00', 0, '0', '0', '0', '0', '0', '0', 0, '', 'no', 'no', 'active'),
(566, '230816-Wed12', '2023-08-16', 'Wednesday', 62, '00.00', 0, '0', '0', '0', '0', '0', '0', 0, '', 'no', 'no', 'active'),
(567, '230817-Thu01', '2023-08-17', 'Thursday', 71, '00.00', 0, '0', '0', '0', '0', '0', '0', 0, '', 'no', 'no', 'active'),
(568, '230817-Thu02', '2023-08-17', 'Thursday', 64, '00.00', 0, '0', '0', '0', '0', '0', '0', 0, '', 'no', 'no', 'active'),
(569, '230817-Thu03', '2023-08-17', 'Thursday', 75, '00.00', 0, '0', '0', '0', '0', '0', '0', 0, '', 'no', 'no', 'active'),
(570, '230817-Thu04', '2023-08-17', 'Thursday', 66, '00.00', 0, '0', '0', '0', '0', '0', '0', 0, '', 'no', 'no', 'active'),
(571, '230817-Thu05', '2023-08-17', 'Thursday', 70, '00.00', 0, '0', '0', '0', '0', '0', '0', 0, '', 'no', 'no', 'active'),
(572, '230817-Thu06', '2023-08-17', 'Thursday', 65, '00.00', 0, '0', '0', '0', '0', '0', '0', 0, '', 'no', 'no', 'active'),
(573, '230817-Thu07', '2023-08-17', 'Thursday', 67, '00.00', 0, '0', '0', '0', '0', '0', '0', 0, '', 'no', 'no', 'active'),
(574, '230817-Thu08', '2023-08-17', 'Thursday', 68, '00.00', 0, '0', '0', '0', '0', '0', '0', 0, '', 'no', 'no', 'active'),
(575, '230817-Thu09', '2023-08-17', 'Thursday', 69, '00.00', 0, '0', '0', '0', '0', '0', '0', 0, '', 'no', 'no', 'active'),
(576, '230817-Thu10', '2023-08-17', 'Thursday', 72, '00.00', 0, '0', '0', '0', '0', '0', '0', 0, '', 'no', 'no', 'active'),
(577, '230817-Thu11', '2023-08-17', 'Thursday', 73, '00.00', 0, '0', '0', '0', '0', '0', '0', 0, '', 'no', 'no', 'active'),
(578, '230817-Thu12', '2023-08-17', 'Thursday', 74, '00.00', 0, '0', '0', '0', '0', '0', '0', 0, '', 'no', 'no', 'active'),
(579, '230818-Fri01', '2023-08-18', 'Friday', 83, '00.00', 0, '0', '0', '0', '0', '0', '0', 0, '', 'no', 'no', 'active'),
(580, '230818-Fri02', '2023-08-18', 'Friday', 76, '00.00', 0, '0', '0', '0', '0', '0', '0', 0, '', 'no', 'no', 'active'),
(581, '230818-Fri03', '2023-08-18', 'Friday', 87, '00.00', 0, '0', '0', '0', '0', '0', '0', 0, '', 'no', 'no', 'active'),
(582, '230818-Fri04', '2023-08-18', 'Friday', 78, '00.00', 0, '0', '0', '0', '0', '0', '0', 0, '', 'no', 'no', 'active'),
(583, '230818-Fri05', '2023-08-18', 'Friday', 82, '00.00', 0, '0', '0', '0', '0', '0', '0', 0, '', 'no', 'no', 'active'),
(584, '230818-Fri06', '2023-08-18', 'Friday', 77, '00.00', 0, '0', '0', '0', '0', '0', '0', 0, '', 'no', 'no', 'active'),
(585, '230818-Fri07', '2023-08-18', 'Friday', 79, '00.00', 0, '0', '0', '0', '0', '0', '0', 0, '', 'no', 'no', 'active'),
(586, '230818-Fri08', '2023-08-18', 'Friday', 80, '00.00', 0, '0', '0', '0', '0', '0', '0', 0, '', 'no', 'no', 'active'),
(587, '230818-Fri09', '2023-08-18', 'Friday', 81, '00.00', 0, '0', '0', '0', '0', '0', '0', 0, '', 'no', 'no', 'active'),
(588, '230818-Fri10', '2023-08-18', 'Friday', 84, '00.00', 0, '0', '0', '0', '0', '0', '0', 0, '', 'no', 'no', 'active'),
(589, '230818-Fri11', '2023-08-18', 'Friday', 85, '00.00', 0, '0', '0', '0', '0', '0', '0', 0, '', 'no', 'no', 'active'),
(590, '230818-Fri12', '2023-08-18', 'Friday', 86, '00.00', 0, '0', '0', '0', '0', '0', '0', 0, '', 'no', 'no', 'active'),
(591, '230819-Sat01', '2023-08-19', 'Saturday', 95, '00.00', 0, '0', '0', '0', '0', '0', '0', 0, '', 'no', 'no', 'active'),
(592, '230819-Sat02', '2023-08-19', 'Saturday', 88, '00.00', 0, '0', '0', '0', '0', '0', '0', 0, '', 'no', 'no', 'active'),
(593, '230819-Sat03', '2023-08-19', 'Saturday', 99, '00.00', 0, '0', '0', '0', '0', '0', '0', 0, '', 'no', 'no', 'active'),
(594, '230819-Sat04', '2023-08-19', 'Saturday', 90, '00.00', 0, '0', '0', '0', '0', '0', '0', 0, '', 'no', 'no', 'active'),
(595, '230819-Sat05', '2023-08-19', 'Saturday', 94, '00.00', 0, '0', '0', '0', '0', '0', '0', 0, '', 'no', 'no', 'active'),
(596, '230819-Sat06', '2023-08-19', 'Saturday', 89, '00.00', 0, '0', '0', '0', '0', '0', '0', 0, '', 'no', 'no', 'active'),
(597, '230819-Sat07', '2023-08-19', 'Saturday', 91, '00.00', 0, '0', '0', '0', '0', '0', '0', 0, '', 'no', 'no', 'active'),
(598, '230819-Sat08', '2023-08-19', 'Saturday', 92, '00.00', 0, '0', '0', '0', '0', '0', '0', 0, '', 'no', 'no', 'active'),
(599, '230819-Sat09', '2023-08-19', 'Saturday', 93, '00.00', 0, '0', '0', '0', '0', '0', '0', 0, '', 'no', 'no', 'active'),
(600, '230819-Sat10', '2023-08-19', 'Saturday', 96, '00.00', 0, '0', '0', '0', '0', '0', '0', 0, '', 'no', 'no', 'active'),
(601, '230819-Sat11', '2023-08-19', 'Saturday', 97, '00.00', 0, '0', '0', '0', '0', '0', '0', 0, '', 'no', 'no', 'active'),
(602, '230819-Sat12', '2023-08-19', 'Saturday', 98, '00.00', 0, '0', '0', '0', '0', '0', '0', 0, '', 'no', 'no', 'active'),
(603, '230820-Sun01', '2023-08-20', 'Sunday', 23, '00.00', 0, '0', '0', '0', '0', '0', '0', 0, '', 'no', 'no', 'active'),
(604, '230820-Sun02', '2023-08-20', 'Sunday', 13, '00.00', 0, '0', '0', '0', '0', '0', '0', 0, '', 'no', 'no', 'active'),
(605, '230820-Sun03', '2023-08-20', 'Sunday', 27, '00.00', 0, '0', '0', '0', '0', '0', '0', 0, '', 'no', 'no', 'active'),
(606, '230820-Sun04', '2023-08-20', 'Sunday', 15, '00.00', 0, '0', '0', '0', '0', '0', '0', 0, '', 'no', 'no', 'active'),
(607, '230820-Sun05', '2023-08-20', 'Sunday', 22, '00.00', 0, '0', '0', '0', '0', '0', '0', 0, '', 'no', 'no', 'active'),
(608, '230820-Sun06', '2023-08-20', 'Sunday', 14, '00.00', 0, '0', '0', '0', '0', '0', '0', 0, '', 'no', 'no', 'active'),
(609, '230820-Sun07', '2023-08-20', 'Sunday', 19, '00.00', 0, '0', '0', '0', '0', '0', '0', 0, '', 'no', 'no', 'active'),
(610, '230820-Sun08', '2023-08-20', 'Sunday', 20, '00.00', 0, '0', '0', '0', '0', '0', '0', 0, '', 'no', 'no', 'active'),
(611, '230820-Sun09', '2023-08-20', 'Sunday', 21, '00.00', 0, '0', '0', '0', '0', '0', '0', 0, '', 'no', 'no', 'active'),
(612, '230820-Sun10', '2023-08-20', 'Sunday', 24, '00.00', 0, '0', '0', '0', '0', '0', '0', 0, '', 'no', 'no', 'active'),
(613, '230820-Sun11', '2023-08-20', 'Sunday', 25, '00.00', 0, '0', '0', '0', '0', '0', '0', 0, '', 'no', 'no', 'active'),
(614, '230820-Sun12', '2023-08-20', 'Sunday', 26, '00.00', 0, '0', '0', '0', '0', '0', '0', 0, '', 'no', 'no', 'active'),
(615, '230821-Mon01', '2023-08-21', 'Monday', 35, '00.00', 0, '0', '0', '0', '0', '0', '0', 0, '', 'no', 'no', 'active'),
(616, '230821-Mon02', '2023-08-21', 'Monday', 28, '00.00', 0, '0', '0', '0', '0', '0', '0', 0, '', 'no', 'no', 'active'),
(617, '230821-Mon03', '2023-08-21', 'Monday', 39, '00.00', 0, '0', '0', '0', '0', '0', '0', 0, '', 'no', 'no', 'active'),
(618, '230821-Mon04', '2023-08-21', 'Monday', 30, '00.00', 0, '0', '0', '0', '0', '0', '0', 0, '', 'no', 'no', 'active'),
(619, '230821-Mon05', '2023-08-21', 'Monday', 34, '00.00', 0, '0', '0', '0', '0', '0', '0', 0, '', 'no', 'no', 'active'),
(620, '230821-Mon06', '2023-08-21', 'Monday', 29, '00.00', 0, '0', '0', '0', '0', '0', '0', 0, '', 'no', 'no', 'active'),
(621, '230821-Mon07', '2023-08-21', 'Monday', 31, '00.00', 0, '0', '0', '0', '0', '0', '0', 0, '', 'no', 'no', 'active'),
(622, '230821-Mon08', '2023-08-21', 'Monday', 32, '00.00', 0, '0', '0', '0', '0', '0', '0', 0, '', 'no', 'no', 'active'),
(623, '230821-Mon09', '2023-08-21', 'Monday', 33, '00.00', 0, '0', '0', '0', '0', '0', '0', 0, '', 'no', 'no', 'active'),
(624, '230821-Mon10', '2023-08-21', 'Monday', 36, '00.00', 0, '0', '0', '0', '0', '0', '0', 0, '', 'no', 'no', 'active'),
(625, '230821-Mon11', '2023-08-21', 'Monday', 37, '00.00', 0, '0', '0', '0', '0', '0', '0', 0, '', 'no', 'no', 'active'),
(626, '230821-Mon12', '2023-08-21', 'Monday', 38, '00.00', 0, '0', '0', '0', '0', '0', '0', 0, '', 'no', 'no', 'active'),
(627, '230822-Tue01', '2023-08-22', 'Tuesday', 47, '00.00', 0, '0', '0', '0', '0', '0', '0', 0, '', 'no', 'no', 'active'),
(628, '230822-Tue02', '2023-08-22', 'Tuesday', 40, '00.00', 0, '0', '0', '0', '0', '0', '0', 0, '', 'no', 'no', 'active'),
(629, '230822-Tue03', '2023-08-22', 'Tuesday', 51, '00.00', 0, '0', '0', '0', '0', '0', '0', 0, '', 'no', 'no', 'active'),
(630, '230822-Tue04', '2023-08-22', 'Tuesday', 42, '00.00', 0, '0', '0', '0', '0', '0', '0', 0, '', 'no', 'no', 'active'),
(631, '230822-Tue05', '2023-08-22', 'Tuesday', 46, '00.00', 0, '0', '0', '0', '0', '0', '0', 0, '', 'no', 'no', 'active'),
(632, '230822-Tue06', '2023-08-22', 'Tuesday', 41, '00.00', 0, '0', '0', '0', '0', '0', '0', 0, '', 'no', 'no', 'active'),
(633, '230822-Tue07', '2023-08-22', 'Tuesday', 43, '00.00', 0, '0', '0', '0', '0', '0', '0', 0, '', 'no', 'no', 'active'),
(634, '230822-Tue08', '2023-08-22', 'Tuesday', 44, '00.00', 0, '0', '0', '0', '0', '0', '0', 0, '', 'no', 'no', 'active'),
(635, '230822-Tue09', '2023-08-22', 'Tuesday', 45, '00.00', 0, '0', '0', '0', '0', '0', '0', 0, '', 'no', 'no', 'active'),
(636, '230822-Tue10', '2023-08-22', 'Tuesday', 48, '00.00', 0, '0', '0', '0', '0', '0', '0', 0, '', 'no', 'no', 'active'),
(637, '230822-Tue11', '2023-08-22', 'Tuesday', 49, '00.00', 0, '0', '0', '0', '0', '0', '0', 0, '', 'no', 'no', 'active'),
(638, '230822-Tue12', '2023-08-22', 'Tuesday', 50, '00.00', 0, '0', '0', '0', '0', '0', '0', 0, '', 'no', 'no', 'active'),
(639, '230823-Wed01', '2023-08-23', 'Wednesday', 59, '00.00', 0, '0', '0', '0', '0', '0', '0', 0, '', 'no', 'no', 'active'),
(640, '230823-Wed02', '2023-08-23', 'Wednesday', 52, '00.00', 0, '0', '0', '0', '0', '0', '0', 0, '', 'no', 'no', 'active'),
(641, '230823-Wed03', '2023-08-23', 'Wednesday', 63, '00.00', 0, '0', '0', '0', '0', '0', '0', 0, '', 'no', 'no', 'active'),
(642, '230823-Wed04', '2023-08-23', 'Wednesday', 54, '00.00', 0, '0', '0', '0', '0', '0', '0', 0, '', 'no', 'no', 'active'),
(643, '230823-Wed05', '2023-08-23', 'Wednesday', 58, '00.00', 0, '0', '0', '0', '0', '0', '0', 0, '', 'no', 'no', 'active'),
(644, '230823-Wed06', '2023-08-23', 'Wednesday', 53, '00.00', 0, '0', '0', '0', '0', '0', '0', 0, '', 'no', 'no', 'active'),
(645, '230823-Wed07', '2023-08-23', 'Wednesday', 55, '00.00', 0, '0', '0', '0', '0', '0', '0', 0, '', 'no', 'no', 'active'),
(646, '230823-Wed08', '2023-08-23', 'Wednesday', 56, '00.00', 0, '0', '0', '0', '0', '0', '0', 0, '', 'no', 'no', 'active'),
(647, '230823-Wed09', '2023-08-23', 'Wednesday', 57, '00.00', 0, '0', '0', '0', '0', '0', '0', 0, '', 'no', 'no', 'active'),
(648, '230823-Wed10', '2023-08-23', 'Wednesday', 60, '00.00', 0, '0', '0', '0', '0', '0', '0', 0, '', 'no', 'no', 'active'),
(649, '230823-Wed11', '2023-08-23', 'Wednesday', 61, '00.00', 0, '0', '0', '0', '0', '0', '0', 0, '', 'no', 'no', 'active'),
(650, '230823-Wed12', '2023-08-23', 'Wednesday', 62, '00.00', 0, '0', '0', '0', '0', '0', '0', 0, '', 'no', 'no', 'active'),
(651, '230824-Thu01', '2023-08-24', 'Thursday', 71, '00.00', 0, '0', '0', '0', '0', '0', '0', 0, '', 'no', 'no', 'active'),
(652, '230824-Thu02', '2023-08-24', 'Thursday', 64, '00.00', 0, '0', '0', '0', '0', '0', '0', 0, '', 'no', 'no', 'active'),
(653, '230824-Thu03', '2023-08-24', 'Thursday', 75, '00.00', 0, '0', '0', '0', '0', '0', '0', 0, '', 'no', 'no', 'active'),
(654, '230824-Thu04', '2023-08-24', 'Thursday', 66, '00.00', 0, '0', '0', '0', '0', '0', '0', 0, '', 'no', 'no', 'active'),
(655, '230824-Thu05', '2023-08-24', 'Thursday', 70, '00.00', 0, '0', '0', '0', '0', '0', '0', 0, '', 'no', 'no', 'active'),
(656, '230824-Thu06', '2023-08-24', 'Thursday', 65, '00.00', 0, '0', '0', '0', '0', '0', '0', 0, '', 'no', 'no', 'active'),
(657, '230824-Thu07', '2023-08-24', 'Thursday', 67, '00.00', 0, '0', '0', '0', '0', '0', '0', 0, '', 'no', 'no', 'active'),
(658, '230824-Thu08', '2023-08-24', 'Thursday', 68, '00.00', 0, '0', '0', '0', '0', '0', '0', 0, '', 'no', 'no', 'active'),
(659, '230824-Thu09', '2023-08-24', 'Thursday', 69, '00.00', 0, '0', '0', '0', '0', '0', '0', 0, '', 'no', 'no', 'active'),
(660, '230824-Thu10', '2023-08-24', 'Thursday', 72, '00.00', 0, '0', '0', '0', '0', '0', '0', 0, '', 'no', 'no', 'active'),
(661, '230824-Thu11', '2023-08-24', 'Thursday', 73, '00.00', 0, '0', '0', '0', '0', '0', '0', 0, '', 'no', 'no', 'active'),
(662, '230824-Thu12', '2023-08-24', 'Thursday', 74, '00.00', 0, '0', '0', '0', '0', '0', '0', 0, '', 'no', 'no', 'active'),
(663, '230825-Fri01', '2023-08-25', 'Friday', 83, '00.00', 0, '0', '0', '0', '0', '0', '0', 0, '', 'no', 'no', 'active'),
(664, '230825-Fri02', '2023-08-25', 'Friday', 76, '00.00', 0, '0', '0', '0', '0', '0', '0', 0, '', 'no', 'no', 'active'),
(665, '230825-Fri03', '2023-08-25', 'Friday', 87, '00.00', 0, '0', '0', '0', '0', '0', '0', 0, '', 'no', 'no', 'active'),
(666, '230825-Fri04', '2023-08-25', 'Friday', 78, '00.00', 0, '0', '0', '0', '0', '0', '0', 0, '', 'no', 'no', 'active'),
(667, '230825-Fri05', '2023-08-25', 'Friday', 82, '00.00', 0, '0', '0', '0', '0', '0', '0', 0, '', 'no', 'no', 'active'),
(668, '230825-Fri06', '2023-08-25', 'Friday', 77, '00.00', 0, '0', '0', '0', '0', '0', '0', 0, '', 'no', 'no', 'active'),
(669, '230825-Fri07', '2023-08-25', 'Friday', 79, '00.00', 0, '0', '0', '0', '0', '0', '0', 0, '', 'no', 'no', 'active'),
(670, '230825-Fri08', '2023-08-25', 'Friday', 80, '00.00', 0, '0', '0', '0', '0', '0', '0', 0, '', 'no', 'no', 'active'),
(671, '230825-Fri09', '2023-08-25', 'Friday', 81, '00.00', 0, '0', '0', '0', '0', '0', '0', 0, '', 'no', 'no', 'active'),
(672, '230825-Fri10', '2023-08-25', 'Friday', 84, '00.00', 0, '0', '0', '0', '0', '0', '0', 0, '', 'no', 'no', 'active'),
(673, '230825-Fri11', '2023-08-25', 'Friday', 85, '00.00', 0, '0', '0', '0', '0', '0', '0', 0, '', 'no', 'no', 'active'),
(674, '230825-Fri12', '2023-08-25', 'Friday', 86, '00.00', 0, '0', '0', '0', '0', '0', '0', 0, '', 'no', 'no', 'active'),
(675, '230826-Sat01', '2023-08-26', 'Saturday', 95, '00.00', 0, '0', '0', '0', '0', '0', '0', 0, '', 'no', 'no', 'active'),
(676, '230826-Sat02', '2023-08-26', 'Saturday', 88, '00.00', 0, '0', '0', '0', '0', '0', '0', 0, '', 'no', 'no', 'active'),
(677, '230826-Sat03', '2023-08-26', 'Saturday', 99, '00.00', 0, '0', '0', '0', '0', '0', '0', 0, '', 'no', 'no', 'active'),
(678, '230826-Sat04', '2023-08-26', 'Saturday', 90, '00.00', 0, '0', '0', '0', '0', '0', '0', 0, '', 'no', 'no', 'active'),
(679, '230826-Sat05', '2023-08-26', 'Saturday', 94, '00.00', 0, '0', '0', '0', '0', '0', '0', 0, '', 'no', 'no', 'active'),
(680, '230826-Sat06', '2023-08-26', 'Saturday', 89, '00.00', 0, '0', '0', '0', '0', '0', '0', 0, '', 'no', 'no', 'active'),
(681, '230826-Sat07', '2023-08-26', 'Saturday', 91, '00.00', 0, '0', '0', '0', '0', '0', '0', 0, '', 'no', 'no', 'active'),
(682, '230826-Sat08', '2023-08-26', 'Saturday', 92, '00.00', 0, '0', '0', '0', '0', '0', '0', 0, '', 'no', 'no', 'active'),
(683, '230826-Sat09', '2023-08-26', 'Saturday', 93, '00.00', 0, '0', '0', '0', '0', '0', '0', 0, '', 'no', 'no', 'active'),
(684, '230826-Sat10', '2023-08-26', 'Saturday', 96, '00.00', 0, '0', '0', '0', '0', '0', '0', 0, '', 'no', 'no', 'active'),
(685, '230826-Sat11', '2023-08-26', 'Saturday', 97, '00.00', 0, '0', '0', '0', '0', '0', '0', 0, '', 'no', 'no', 'active'),
(686, '230826-Sat12', '2023-08-26', 'Saturday', 98, '00.00', 0, '0', '0', '0', '0', '0', '0', 0, '', 'no', 'no', 'active'),
(687, '230827-Sun01', '2023-08-27', 'Sunday', 23, '00.00', 0, '0', '0', '0', '0', '0', '0', 0, '', 'no', 'no', 'active'),
(688, '230827-Sun02', '2023-08-27', 'Sunday', 13, '00.00', 0, '0', '0', '0', '0', '0', '0', 0, '', 'no', 'no', 'active'),
(689, '230827-Sun03', '2023-08-27', 'Sunday', 27, '00.00', 0, '0', '0', '0', '0', '0', '0', 0, '', 'no', 'no', 'active'),
(690, '230827-Sun04', '2023-08-27', 'Sunday', 15, '00.00', 0, '0', '0', '0', '0', '0', '0', 0, '', 'no', 'no', 'active'),
(691, '230827-Sun05', '2023-08-27', 'Sunday', 22, '00.00', 0, '0', '0', '0', '0', '0', '0', 0, '', 'no', 'no', 'active'),
(692, '230827-Sun06', '2023-08-27', 'Sunday', 14, '00.00', 0, '0', '0', '0', '0', '0', '0', 0, '', 'no', 'no', 'active'),
(693, '230827-Sun07', '2023-08-27', 'Sunday', 19, '00.00', 0, '0', '0', '0', '0', '0', '0', 0, '', 'no', 'no', 'active'),
(694, '230827-Sun08', '2023-08-27', 'Sunday', 20, '00.00', 0, '0', '0', '0', '0', '0', '0', 0, '', 'no', 'no', 'active'),
(695, '230827-Sun09', '2023-08-27', 'Sunday', 21, '00.00', 0, '0', '0', '0', '0', '0', '0', 0, '', 'no', 'no', 'active'),
(696, '230827-Sun10', '2023-08-27', 'Sunday', 24, '00.00', 0, '0', '0', '0', '0', '0', '0', 0, '', 'no', 'no', 'active'),
(697, '230827-Sun11', '2023-08-27', 'Sunday', 25, '00.00', 0, '0', '0', '0', '0', '0', '0', 0, '', 'no', 'no', 'active'),
(698, '230827-Sun12', '2023-08-27', 'Sunday', 26, '00.00', 0, '0', '0', '0', '0', '0', '0', 0, '', 'no', 'no', 'active'),
(699, '230828-Mon01', '2023-08-28', 'Monday', 35, '00.00', 0, '0', '0', '0', '0', '0', '0', 0, '', 'no', 'no', 'active'),
(700, '230828-Mon02', '2023-08-28', 'Monday', 28, '00.00', 0, '0', '0', '0', '0', '0', '0', 0, '', 'no', 'no', 'active'),
(701, '230828-Mon03', '2023-08-28', 'Monday', 39, '00.00', 0, '0', '0', '0', '0', '0', '0', 0, '', 'no', 'no', 'active'),
(702, '230828-Mon04', '2023-08-28', 'Monday', 30, '00.00', 0, '0', '0', '0', '0', '0', '0', 0, '', 'no', 'no', 'active'),
(703, '230828-Mon05', '2023-08-28', 'Monday', 34, '00.00', 0, '0', '0', '0', '0', '0', '0', 0, '', 'no', 'no', 'active'),
(704, '230828-Mon06', '2023-08-28', 'Monday', 29, '00.00', 0, '0', '0', '0', '0', '0', '0', 0, '', 'no', 'no', 'active'),
(705, '230828-Mon07', '2023-08-28', 'Monday', 31, '00.00', 0, '0', '0', '0', '0', '0', '0', 0, '', 'no', 'no', 'active'),
(706, '230828-Mon08', '2023-08-28', 'Monday', 32, '00.00', 0, '0', '0', '0', '0', '0', '0', 0, '', 'no', 'no', 'active'),
(707, '230828-Mon09', '2023-08-28', 'Monday', 33, '00.00', 0, '0', '0', '0', '0', '0', '0', 0, '', 'no', 'no', 'active'),
(708, '230828-Mon10', '2023-08-28', 'Monday', 36, '00.00', 0, '0', '0', '0', '0', '0', '0', 0, '', 'no', 'no', 'active'),
(709, '230828-Mon11', '2023-08-28', 'Monday', 37, '00.00', 0, '0', '0', '0', '0', '0', '0', 0, '', 'no', 'no', 'active'),
(710, '230828-Mon12', '2023-08-28', 'Monday', 38, '00.00', 0, '0', '0', '0', '0', '0', '0', 0, '', 'no', 'no', 'active'),
(711, '230829-Tue01', '2023-08-29', 'Tuesday', 47, '00.00', 0, '0', '0', '0', '0', '0', '0', 0, '', 'no', 'no', 'active'),
(712, '230829-Tue02', '2023-08-29', 'Tuesday', 40, '00.00', 0, '0', '0', '0', '0', '0', '0', 0, '', 'no', 'no', 'active'),
(713, '230829-Tue03', '2023-08-29', 'Tuesday', 51, '00.00', 0, '0', '0', '0', '0', '0', '0', 0, '', 'no', 'no', 'active'),
(714, '230829-Tue04', '2023-08-29', 'Tuesday', 42, '00.00', 0, '0', '0', '0', '0', '0', '0', 0, '', 'no', 'no', 'active'),
(715, '230829-Tue05', '2023-08-29', 'Tuesday', 46, '00.00', 0, '0', '0', '0', '0', '0', '0', 0, '', 'no', 'no', 'active'),
(716, '230829-Tue06', '2023-08-29', 'Tuesday', 41, '00.00', 0, '0', '0', '0', '0', '0', '0', 0, '', 'no', 'no', 'active'),
(717, '230829-Tue07', '2023-08-29', 'Tuesday', 43, '00.00', 0, '0', '0', '0', '0', '0', '0', 0, '', 'no', 'no', 'active'),
(718, '230829-Tue08', '2023-08-29', 'Tuesday', 44, '00.00', 0, '0', '0', '0', '0', '0', '0', 0, '', 'no', 'no', 'active'),
(719, '230829-Tue09', '2023-08-29', 'Tuesday', 45, '00.00', 0, '0', '0', '0', '0', '0', '0', 0, '', 'no', 'no', 'active'),
(720, '230829-Tue10', '2023-08-29', 'Tuesday', 48, '00.00', 0, '0', '0', '0', '0', '0', '0', 0, '', 'no', 'no', 'active'),
(721, '230829-Tue11', '2023-08-29', 'Tuesday', 49, '00.00', 0, '0', '0', '0', '0', '0', '0', 0, '', 'no', 'no', 'active'),
(722, '230829-Tue12', '2023-08-29', 'Tuesday', 50, '00.00', 0, '0', '0', '0', '0', '0', '0', 0, '', 'no', 'no', 'active'),
(723, '230830-Wed01', '2023-08-30', 'Wednesday', 59, '00.00', 0, '0', '0', '0', '0', '0', '0', 0, '', 'no', 'no', 'active'),
(724, '230830-Wed02', '2023-08-30', 'Wednesday', 52, '00.00', 0, '0', '0', '0', '0', '0', '0', 0, '', 'no', 'no', 'active'),
(725, '230830-Wed03', '2023-08-30', 'Wednesday', 63, '00.00', 0, '0', '0', '0', '0', '0', '0', 0, '', 'no', 'no', 'active'),
(726, '230830-Wed04', '2023-08-30', 'Wednesday', 54, '00.00', 0, '0', '0', '0', '0', '0', '0', 0, '', 'no', 'no', 'active'),
(727, '230830-Wed05', '2023-08-30', 'Wednesday', 58, '00.00', 0, '0', '0', '0', '0', '0', '0', 0, '', 'no', 'no', 'active'),
(728, '230830-Wed06', '2023-08-30', 'Wednesday', 53, '00.00', 0, '0', '0', '0', '0', '0', '0', 0, '', 'no', 'no', 'active'),
(729, '230830-Wed07', '2023-08-30', 'Wednesday', 55, '00.00', 0, '0', '0', '0', '0', '0', '0', 0, '', 'no', 'no', 'active'),
(730, '230830-Wed08', '2023-08-30', 'Wednesday', 56, '00.00', 0, '0', '0', '0', '0', '0', '0', 0, '', 'no', 'no', 'active'),
(731, '230830-Wed09', '2023-08-30', 'Wednesday', 57, '00.00', 0, '0', '0', '0', '0', '0', '0', 0, '', 'no', 'no', 'active'),
(732, '230830-Wed10', '2023-08-30', 'Wednesday', 60, '00.00', 0, '0', '0', '0', '0', '0', '0', 0, '', 'no', 'no', 'active'),
(733, '230830-Wed11', '2023-08-30', 'Wednesday', 61, '00.00', 0, '0', '0', '0', '0', '0', '0', 0, '', 'no', 'no', 'active'),
(734, '230830-Wed12', '2023-08-30', 'Wednesday', 62, '00.00', 0, '0', '0', '0', '0', '0', '0', 0, '', 'no', 'no', 'active'),
(735, '230831-Thu01', '2023-08-31', 'Thursday', 71, '00.00', 0, '0', '0', '0', '0', '0', '0', 0, '', 'no', 'no', 'active'),
(736, '230831-Thu02', '2023-08-31', 'Thursday', 64, '00.00', 0, '0', '0', '0', '0', '0', '0', 0, '', 'no', 'no', 'active'),
(737, '230831-Thu03', '2023-08-31', 'Thursday', 75, '00.00', 0, '0', '0', '0', '0', '0', '0', 0, '', 'no', 'no', 'active'),
(738, '230831-Thu04', '2023-08-31', 'Thursday', 66, '00.00', 0, '0', '0', '0', '0', '0', '0', 0, '', 'no', 'no', 'active'),
(739, '230831-Thu05', '2023-08-31', 'Thursday', 70, '00.00', 0, '0', '0', '0', '0', '0', '0', 0, '', 'no', 'no', 'active'),
(740, '230831-Thu06', '2023-08-31', 'Thursday', 65, '00.00', 0, '0', '0', '0', '0', '0', '0', 0, '', 'no', 'no', 'active'),
(741, '230831-Thu07', '2023-08-31', 'Thursday', 67, '00.00', 0, '0', '0', '0', '0', '0', '0', 0, '', 'no', 'no', 'active'),
(742, '230831-Thu08', '2023-08-31', 'Thursday', 68, '00.00', 0, '0', '0', '0', '0', '0', '0', 0, '', 'no', 'no', 'active'),
(743, '230831-Thu09', '2023-08-31', 'Thursday', 69, '00.00', 0, '0', '0', '0', '0', '0', '0', 0, '', 'no', 'no', 'active'),
(744, '230831-Thu10', '2023-08-31', 'Thursday', 72, '00.00', 0, '0', '0', '0', '0', '0', '0', 0, '', 'no', 'no', 'active'),
(745, '230831-Thu11', '2023-08-31', 'Thursday', 73, '00.00', 0, '0', '0', '0', '0', '0', '0', 0, '', 'no', 'no', 'active'),
(746, '230831-Thu12', '2023-08-31', 'Thursday', 74, '00.00', 0, '0', '0', '0', '0', '0', '0', 0, '', 'no', 'no', 'active');

-- --------------------------------------------------------

--
-- Table structure for table `tbl_loyalty_points`
--

CREATE TABLE `tbl_loyalty_points` (
  `id` int(11) NOT NULL,
  `customer_id` varchar(20) NOT NULL,
  `total_bookings` int(11) NOT NULL,
  `loyalty_discount` varchar(20) NOT NULL DEFAULT 'no'
) ENGINE=InnoDB DEFAULT CHARSET=utf8mb4 COLLATE=utf8mb4_general_ci;

-- --------------------------------------------------------

--
-- Table structure for table `tbl_route`
--

CREATE TABLE `tbl_route` (
  `id` int(11) NOT NULL,
  `route_name` varchar(150) NOT NULL,
  `start_station_id` int(20) NOT NULL,
  `final_station_id` int(20) NOT NULL,
  `total_distance` varchar(20) NOT NULL,
  `total_price_1st` varchar(20) NOT NULL,
  `total_price_2nd` varchar(20) NOT NULL,
  `total_price_3rd` varchar(20) NOT NULL,
  `sp_note` varchar(255) NOT NULL,
  `status` varchar(20) NOT NULL DEFAULT 'active'
) ENGINE=InnoDB DEFAULT CHARSET=utf8mb4 COLLATE=utf8mb4_general_ci;

--
-- Dumping data for table `tbl_route`
--

INSERT INTO `tbl_route` (`id`, `route_name`, `start_station_id`, `final_station_id`, `total_distance`, `total_price_1st`, `total_price_2nd`, `total_price_3rd`, `sp_note`, `status`) VALUES
(15, 'Kelani Valley Line', 11, 2, '47.5', '250', '150', '50', 'The Kelani Valley line runs southeast from Colombo Maradana Station, through much of the city of Colombo. It runs through major business centres, like Nugegoda and Maharagama, before turning eastwards. It crosses the Southern Expressway near Homagama and ', 'active'),
(16, 'Kelani Valley line Reverse', 2, 11, '47.5', '250', '150', '50', 'The Kelani Valley line runs southeast from Colombo Maradana Station, through much of the city of Colombo. It runs through major business centres, like Nugegoda and Maharagama, before turning eastwards. It crosses the Southern Expressway near Homagama and ', 'active'),
(17, 'Puttalam line', 10, 2, '136', '350', '250', '100', 'The line starts from Ragama and runs through the towns of Kandana, Ja-Ela, Seeduwa, Katunayake, Negombo City, Lunuwila, Naththandiya, Madampe, Chilaw, Bangadeniya, Mundel and ends at Puttalam.\r\nThe passenger trains by Sri Lanka Railways are operated up to', 'active'),
(18, 'Puttalam line Reverse', 2, 10, '136', '350', '250', '100', 'The line starts from Ragama and runs through the towns of Kandana, Ja-Ela, Seeduwa, Katunayake, Negombo City, Lunuwila, Naththandiya, Madampe, Chilaw, Bangadeniya, Mundel and ends at Puttalam.\r\nThe passenger trains by Sri Lanka Railways are operated up to', 'active'),
(19, 'Colombo Badulla Main Line', 1, 2, '350', '1500', '1000', '850', '', 'active'),
(20, 'Colombo Badulla Main Line Reverse', 2, 1, '350', '1500', '1000', '850', '', 'active'),
(21, 'Matale Line', 4, 3, '30', '250', '150', '100', 'The Matale line begins at Peradeniya Junction and runs east towards Kandy Railway Station. It then turns north and runs through Katugastota and Wattegama before reaching the Matale District. It passes through Ukuwela before terminating at the Matale Railw', 'active'),
(22, 'Coastal Line', 5, 2, '197', '1300', '1000', '850', 'The Coastal line begins at Maradana Station and runs west towards Colombo Fort. It then turns south and runs through much of Colombo parallel to the beaches on the citys west coast, passing many commuter rail stations, such as Slave Island. It passes Pana', 'active'),
(23, 'Northern Line', 7, 2, '420.5', '2500', '2000', '1500', 'The line\'s northern termini, all in the London Borough of Barnet, are at Edgware and High Barnet; Mill Hill East is the terminus of a single-station branch line off the High Barnet branch. The two main northern branches run south to join at Camden Town wh', 'active');

-- --------------------------------------------------------

--
-- Table structure for table `tbl_route_stations`
--

CREATE TABLE `tbl_route_stations` (
  `id` int(11) NOT NULL,
  `route_id` int(11) NOT NULL,
  `station_id` int(11) NOT NULL,
  `distance` varchar(20) NOT NULL,
  `price_1st` varchar(20) NOT NULL,
  `price_2nd` varchar(20) NOT NULL,
  `price_3rd` varchar(20) NOT NULL,
  `status` varchar(20) NOT NULL DEFAULT 'active'
) ENGINE=InnoDB DEFAULT CHARSET=utf8mb4 COLLATE=utf8mb4_general_ci;

--
-- Dumping data for table `tbl_route_stations`
--

INSERT INTO `tbl_route_stations` (`id`, `route_id`, `station_id`, `distance`, `price_1st`, `price_2nd`, `price_3rd`, `status`) VALUES
(27, 19, 3, '120', '1000', '850', '500', 'active'),
(28, 20, 3, '120', '1200', '900', '650', 'active'),
(29, 23, 8, '212', '1500', '1000', '500', 'active');

-- --------------------------------------------------------

--
-- Table structure for table `tbl_schedule`
--

CREATE TABLE `tbl_schedule` (
  `id` int(11) NOT NULL,
  `day` varchar(20) NOT NULL,
  `train_id` int(11) NOT NULL,
  `route_id` varchar(20) NOT NULL,
  `departure` varchar(20) NOT NULL,
  `arrival` varchar(20) NOT NULL,
  `status` varchar(20) NOT NULL DEFAULT 'active'
) ENGINE=InnoDB DEFAULT CHARSET=utf8mb4 COLLATE=utf8mb4_general_ci;

--
-- Dumping data for table `tbl_schedule`
--

INSERT INTO `tbl_schedule` (`id`, `day`, `train_id`, `route_id`, `departure`, `arrival`, `status`) VALUES
(13, 'Sunday', 7, '15', '08:50', '09:10', 'active'),
(14, 'Sunday', 9, '22', '10:45', '01:40', 'active'),
(15, 'Sunday', 8, '23', '09:45', '15:25', 'active'),
(19, 'Sunday', 12, '17', '11:15', '13:10', 'active'),
(20, 'Sunday', 10, '21', '11:45', '12:15', 'active'),
(21, 'Sunday', 13, '22', '12:00', '15:00', 'active'),
(22, 'Sunday', 7, '16', '10:00', '11:25', 'active'),
(23, 'Sunday', 9, '18', '08:00', '10:10', 'active'),
(24, 'Sunday', 7, '15', '13:00', '14:20', 'active'),
(25, 'Sunday', 12, '23', '14:00', '20:25', 'active'),
(26, 'Sunday', 14, '20', '20:45', '01:35', 'active'),
(27, 'Sunday', 14, '19', '09:25', '13:40', 'active'),
(28, 'Monday', 7, '15', '08:50', '09:10', 'active'),
(29, 'Monday', 9, '22', '10:45', '01:40', 'active'),
(30, 'Monday', 8, '23', '09:45', '15:25', 'active'),
(31, 'Monday', 12, '17', '11:15', '13:10', 'active'),
(32, 'Monday', 10, '21', '11:45', '12:15', 'active'),
(33, 'Monday', 13, '22', '12:00', '15:00', 'active'),
(34, 'Monday', 7, '16', '10:00', '11:25', 'active'),
(35, 'Monday', 9, '18', '08:00', '10:10', 'active'),
(36, 'Monday', 7, '15', '13:00', '14:20', 'active'),
(37, 'Monday', 12, '23', '14:00', '20:25', 'active'),
(38, 'Monday', 14, '20', '20:45', '01:35', 'active'),
(39, 'Monday', 14, '19', '09:25', '13:40', 'active'),
(40, 'Tuesday', 7, '15', '08:50', '09:10', 'active'),
(41, 'Tuesday', 9, '22', '10:45', '01:40', 'active'),
(42, 'Tuesday', 8, '23', '09:45', '15:25', 'active'),
(43, 'Tuesday', 12, '17', '11:15', '13:10', 'active'),
(44, 'Tuesday', 10, '21', '11:45', '12:15', 'active'),
(45, 'Tuesday', 13, '22', '12:00', '15:00', 'active'),
(46, 'Tuesday', 7, '16', '10:00', '11:25', 'active'),
(47, 'Tuesday', 9, '18', '08:00', '10:10', 'active'),
(48, 'Tuesday', 7, '15', '13:00', '14:20', 'active'),
(49, 'Tuesday', 12, '23', '14:00', '20:25', 'active'),
(50, 'Tuesday', 14, '20', '20:45', '01:35', 'active'),
(51, 'Tuesday', 14, '19', '09:25', '13:40', 'active'),
(52, 'Wednesday', 7, '15', '08:50', '09:10', 'active'),
(53, 'Wednesday', 9, '22', '10:45', '01:40', 'active'),
(54, 'Wednesday', 8, '23', '09:45', '15:25', 'active'),
(55, 'Wednesday', 12, '17', '11:15', '13:10', 'active'),
(56, 'Wednesday', 10, '21', '11:45', '12:15', 'active'),
(57, 'Wednesday', 13, '22', '12:00', '15:00', 'active'),
(58, 'Wednesday', 7, '16', '10:00', '11:25', 'active'),
(59, 'Wednesday', 9, '18', '08:00', '10:10', 'active'),
(60, 'Wednesday', 7, '15', '13:00', '14:20', 'active'),
(61, 'Wednesday', 12, '23', '14:00', '20:25', 'active'),
(62, 'Wednesday', 14, '20', '20:45', '01:35', 'active'),
(63, 'Wednesday', 14, '19', '09:25', '13:40', 'active'),
(64, 'Thursday', 7, '15', '08:50', '09:10', 'active'),
(65, 'Thursday', 9, '22', '10:45', '01:40', 'active'),
(66, 'Thursday', 8, '23', '09:45', '15:25', 'active'),
(67, 'Thursday', 12, '17', '11:15', '13:10', 'active'),
(68, 'Thursday', 10, '21', '11:45', '12:15', 'active'),
(69, 'Thursday', 13, '22', '12:00', '15:00', 'active'),
(70, 'Thursday', 7, '16', '10:00', '11:25', 'active'),
(71, 'Thursday', 9, '18', '08:00', '10:10', 'active'),
(72, 'Thursday', 7, '15', '13:00', '14:20', 'active'),
(73, 'Thursday', 12, '23', '14:00', '20:25', 'active'),
(74, 'Thursday', 14, '20', '20:45', '01:35', 'active'),
(75, 'Thursday', 14, '19', '09:25', '13:40', 'active'),
(76, 'Friday', 7, '15', '08:50', '09:10', 'active'),
(77, 'Friday', 9, '22', '10:45', '01:40', 'active'),
(78, 'Friday', 8, '23', '09:45', '15:25', 'active'),
(79, 'Friday', 12, '17', '11:15', '13:10', 'active'),
(80, 'Friday', 10, '21', '11:45', '12:15', 'active'),
(81, 'Friday', 13, '22', '12:00', '15:00', 'active'),
(82, 'Friday', 7, '16', '10:00', '11:25', 'active'),
(83, 'Friday', 9, '18', '08:00', '10:10', 'active'),
(84, 'Friday', 7, '15', '13:00', '14:20', 'active'),
(85, 'Friday', 12, '23', '14:00', '20:25', 'active'),
(86, 'Friday', 14, '20', '20:45', '01:35', 'active'),
(87, 'Friday', 14, '19', '09:25', '13:40', 'active'),
(88, 'Saturday', 7, '15', '08:50', '09:10', 'active'),
(89, 'Saturday', 9, '22', '10:45', '01:40', 'active'),
(90, 'Saturday', 8, '23', '09:45', '15:25', 'active'),
(91, 'Saturday', 12, '17', '11:15', '13:10', 'active'),
(92, 'Saturday', 10, '21', '11:45', '12:15', 'active'),
(93, 'Saturday', 13, '22', '12:00', '15:00', 'active'),
(94, 'Saturday', 7, '16', '10:00', '11:25', 'active'),
(95, 'Saturday', 9, '18', '08:00', '10:10', 'active'),
(96, 'Saturday', 7, '15', '13:00', '14:20', 'active'),
(97, 'Saturday', 12, '23', '14:00', '20:25', 'active'),
(98, 'Saturday', 14, '20', '20:45', '01:35', 'active'),
(99, 'Saturday', 14, '19', '09:25', '13:40', 'active');

-- --------------------------------------------------------

--
-- Table structure for table `tbl_schedule_stations`
--

CREATE TABLE `tbl_schedule_stations` (
  `id` int(11) NOT NULL,
  `schedule_id` varchar(20) NOT NULL,
  `int_station_id` int(11) NOT NULL COMMENT 'tbl_route_stations ->id',
  `arrival` varchar(20) NOT NULL,
  `departure` varchar(20) NOT NULL
) ENGINE=InnoDB DEFAULT CHARSET=utf8mb4 COLLATE=utf8mb4_general_ci;

--
-- Dumping data for table `tbl_schedule_stations`
--

INSERT INTO `tbl_schedule_stations` (`id`, `schedule_id`, `int_station_id`, `arrival`, `departure`) VALUES
(13, '15', 29, '12:20', '12:45'),
(15, '25', 29, '17:20', '17:30'),
(16, '26', 28, '22:45', '23:00'),
(17, '27', 27, '11:05', '11:10'),
(18, '30', 29, '12:20', '12:45'),
(19, '37', 29, '17:20', '17:30'),
(20, '38', 28, '22:45', '23:00'),
(21, '39', 27, '11:05', '11:10'),
(22, '42', 29, '12:20', '12:45'),
(23, '49', 29, '17:20', '17:30'),
(24, '50', 28, '22:45', '23:00'),
(25, '51', 27, '11:05', '11:10'),
(26, '54', 29, '12:20', '12:45'),
(27, '61', 29, '17:20', '17:30'),
(28, '62', 28, '22:45', '23:00'),
(29, '63', 27, '11:05', '11:10'),
(30, '66', 29, '12:20', '12:45'),
(31, '73', 29, '17:20', '17:30'),
(32, '74', 28, '22:45', '23:00'),
(33, '75', 27, '11:05', '11:10'),
(34, '78', 29, '12:20', '12:45'),
(35, '85', 29, '17:20', '17:30'),
(36, '86', 28, '22:45', '23:00'),
(37, '87', 27, '11:05', '11:10'),
(38, '90', 29, '12:20', '12:45'),
(39, '97', 29, '17:20', '17:30'),
(40, '98', 28, '22:45', '23:00'),
(41, '99', 27, '11:05', '11:10');

-- --------------------------------------------------------

--
-- Table structure for table `tbl_station`
--

CREATE TABLE `tbl_station` (
  `id` int(11) NOT NULL,
  `name` varchar(100) NOT NULL,
  `contact` varchar(50) NOT NULL,
  `type` varchar(20) NOT NULL,
  `user` varchar(20) NOT NULL DEFAULT 'no',
  `status` varchar(20) NOT NULL DEFAULT 'active'
) ENGINE=InnoDB DEFAULT CHARSET=utf8mb4 COLLATE=utf8mb4_general_ci;

--
-- Dumping data for table `tbl_station`
--

INSERT INTO `tbl_station` (`id`, `name`, `contact`, `type`, `user`, `status`) VALUES
(1, 'Badulla', 'badulla@trackexpress.com', 'Main Station', 'yes', 'active'),
(2, 'Colombo Fort', 'colombo@trackexpress.com', 'Main Station', 'yes', 'active'),
(3, 'Peradeniya Junction', 'pera@trackexpress.com', 'Sub Station', 'no', 'active'),
(4, 'Matale', 'matale@trackexpress.com', 'Main Station', 'yes', 'active'),
(5, 'Beliaththa', 'beliaththa@trackexpress.com', 'Main Station', 'yes', 'active'),
(6, 'Ambalangoda', 'ambalangoda@trackexpress.com', 'Sub Station', 'no', 'active'),
(7, 'Kankesanthurai', 'kasanthurei@trackexpress.com', 'Main Station', 'yes', 'active'),
(8, 'Anuradhapura', 'anuradapura@trackexpress.com', 'Sub Station', 'no', 'active'),
(9, 'Batticola', 'batticola@trackexpress.com', 'Main Station', 'yes', 'active'),
(10, 'Puttalam', 'puttalama@trackexpress.com', 'Main Station', 'yes', 'active'),
(11, 'Avissawella', 'awissawella@trackexpress.com', 'Main Station', 'yes', 'active');

-- --------------------------------------------------------

--
-- Table structure for table `tbl_train`
--

CREATE TABLE `tbl_train` (
  `id` int(11) NOT NULL,
  `code` varchar(50) NOT NULL,
  `name` varchar(100) NOT NULL,
  `speed` varchar(20) NOT NULL,
  `type` varchar(50) NOT NULL,
  `mclass_1` int(10) NOT NULL,
  `mclass_2` int(10) NOT NULL,
  `mclass_3` int(10) NOT NULL,
  `wclass_1` int(11) NOT NULL,
  `wclass_2` int(11) NOT NULL,
  `wclass_3` int(11) NOT NULL,
  `total` int(11) NOT NULL,
  `image` varchar(255) NOT NULL,
  `longitude` varchar(50) NOT NULL,
  `latitude` varchar(50) NOT NULL,
  `status` varchar(20) NOT NULL DEFAULT 'active'
) ENGINE=InnoDB DEFAULT CHARSET=utf8mb4 COLLATE=utf8mb4_general_ci;

--
-- Dumping data for table `tbl_train`
--

INSERT INTO `tbl_train` (`id`, `code`, `name`, `speed`, `type`, `mclass_1`, `mclass_2`, `mclass_3`, `wclass_1`, `wclass_2`, `wclass_3`, `total`, `image`, `longitude`, `latitude`, `status`) VALUES
(7, 'TC001', 'Podi Manike', '130', 'intercity', 40, 50, 80, 25, 35, 45, 275, 'caption.jpg', '79.861243', '6.9270786', 'active'),
(8, 'TC002', 'Yaal Devi', '150', 'express', 50, 150, 120, 20, 50, 60, 450, 'yaal.webp', '79.861243', '6.9270786', 'active'),
(9, 'TC003', 'Udarata Manike', '120', 'intercity', 45, 55, 80, 30, 40, 50, 300, 'udarata.jpg', '79.861243', '6.9270786', 'active'),
(10, 'TC004', 'Tikiri Manike', '120', 'intercity', 40, 50, 110, 20, 40, 70, 330, '7c.jpg', '79.861243', '6.9270786', 'active'),
(12, 'TC005', 'Uttara Devi', '130', 'ac', 40, 60, 80, 25, 50, 60, 315, 'download (2).jpg', '79.861243', '6.9270786', 'active'),
(13, 'TC006', 'Samudra Devi', '100', 'intercity', 30, 50, 70, 20, 40, 50, 260, '52294001091_cb48cdd446_b.jpg', '79.861243', '6.9270786', 'active'),
(14, 'TC007', 'Night Mail', '120', 'express', 30, 70, 100, 20, 50, 60, 330, '5743820730_8cae85608d_b.jpg', '79.861243', '6.9270786', 'active');

-- --------------------------------------------------------

--
-- Table structure for table `tbl_user`
--

CREATE TABLE `tbl_user` (
  `id` int(11) NOT NULL,
  `station_id` int(11) NOT NULL,
  `username` varchar(50) NOT NULL,
  `password` varchar(255) NOT NULL,
  `first_name` varchar(50) NOT NULL,
  `mobile` varchar(20) NOT NULL,
  `type` varchar(20) NOT NULL,
  `verify` varchar(20) NOT NULL DEFAULT 'yes',
  `status` varchar(20) NOT NULL DEFAULT 'active'
) ENGINE=InnoDB DEFAULT CHARSET=utf8mb4 COLLATE=utf8mb4_general_ci;

--
-- Dumping data for table `tbl_user`
--

INSERT INTO `tbl_user` (`id`, `station_id`, `username`, `password`, `first_name`, `mobile`, `type`, `verify`, `status`) VALUES
(9, 0, 'admin@trackexpress', '626a61a4866e7c312853f1d896eeba03', 'Admin', '+94 11 4 600 111', 'admin', 'yes', 'active'),
(14, 1, 'admin@Badulla', 'd14d2ab1e7bc2562d381bfc431764185', 'Badulla', 'badulla@trackexpress', 'station', 'no', 'active'),
(15, 2, 'admin@ColomboFort', 'acb216babe57407341cef7be93f54106', 'Colombo Fort', 'colombo@trackexpress', 'station', 'no', 'active'),
(16, 4, 'admin@Matale', '74dc5d01926524555b161fd8ea52f344', 'Matale', 'matale@trackexpress.', 'station', 'yes', 'active'),
(17, 5, 'admin@Beliaththa', '7e772efdee3d33b7721e02da0e48c125', 'Beliaththa', 'beliaththa@trackexpr', 'station', 'yes', 'active'),
(18, 7, 'admin@Kankesanthurai', 'ba659fe256cc0b33cdc27fef695afcdc', 'Kankesanthurai', 'kasanthurei@trackexp', 'station', 'yes', 'active'),
(19, 9, 'admin@Batticola', 'de3aeaef42f7fb18b2a85b836647dda7', 'Batticola', 'batticola@trackexpre', 'station', 'yes', 'active'),
(20, 10, 'admin@Puttalam', '717d1ecfe431cb919920477e928e5971', 'Puttalam', 'puttalama@trackexpre', 'station', 'yes', 'active'),
(21, 11, 'admin@Avissawella', '7e4d8fdba61dd832f118cf9a01682b04', 'Avissawella', 'awissawella@trackexp', 'station', 'yes', 'active');

-- --------------------------------------------------------

--
-- Table structure for table `temp_booking_details`
--

CREATE TABLE `temp_booking_details` (
  `id` int(11) NOT NULL,
  `customer_id` int(11) NOT NULL,
  `customer_name` varchar(50) NOT NULL,
  `train` varchar(100) NOT NULL,
  `train_name` varchar(50) NOT NULL,
  `start` varchar(50) NOT NULL,
  `end` varchar(50) NOT NULL,
  `date` varchar(11) NOT NULL,
  `class` varchar(11) NOT NULL,
  `seat` varchar(11) NOT NULL,
  `passenger` int(11) NOT NULL,
  `booking_id` varchar(20) NOT NULL
) ENGINE=InnoDB DEFAULT CHARSET=utf8mb4 COLLATE=utf8mb4_general_ci;

--
-- Dumping data for table `temp_booking_details`
--

INSERT INTO `temp_booking_details` (`id`, `customer_id`, `customer_name`, `train`, `train_name`, `start`, `end`, `date`, `class`, `seat`, `passenger`, `booking_id`) VALUES
(2, 10, 'ishunawodya201@gmail.com', 'Colombo Badulla Main Line - 09:25 AM', 'Night Mail', 'Badulla', 'Colombo Fort', '2023-07-30', '2', 'w', 5, '9'),
(3, 10, 'ishunawodya201@gmail.com', 'Kelani Valley Line - 08:50 AM', 'Podi Manike', 'Avissawella', 'Colombo Fort', '2023-08-01', '1', 'w', 5, '10'),
(4, 10, 'ishunawodya201@gmail.com', 'Kelani Valley Line - 01:00 PM', 'Podi Manike', 'Avissawella', 'Colombo Fort', '2023-08-05', '3', 'm', 2, '11'),
(5, 10, 'ishunawodya201@gmail.com', 'Northern Line - 09:45 AM', 'Yaal Devi', 'Kankesanthurai', 'Colombo Fort', '2023-07-31', '1', 'w', 10, '12');

--
-- Indexes for dumped tables
--

--
-- Indexes for table `customer_mails`
--
ALTER TABLE `customer_mails`
  ADD PRIMARY KEY (`id`),
  ADD KEY `customer_id` (`customer_id`);

--
-- Indexes for table `tbl_bookings`
--
ALTER TABLE `tbl_bookings`
  ADD PRIMARY KEY (`id`),
  ADD KEY `customer_id` (`customer_id`),
  ADD KEY `daily_train_id` (`daily_train_id`);

--
-- Indexes for table `tbl_customer`
--
ALTER TABLE `tbl_customer`
  ADD PRIMARY KEY (`id`);

--
-- Indexes for table `tbl_daily_trains`
--
ALTER TABLE `tbl_daily_trains`
  ADD PRIMARY KEY (`id`),
  ADD KEY `schedule_id` (`schedule_id`),
  ADD KEY `daily_code` (`daily_code`);

--
-- Indexes for table `tbl_loyalty_points`
--
ALTER TABLE `tbl_loyalty_points`
  ADD PRIMARY KEY (`id`),
  ADD KEY `customer_id` (`customer_id`);

--
-- Indexes for table `tbl_route`
--
ALTER TABLE `tbl_route`
  ADD PRIMARY KEY (`id`),
  ADD KEY `start_station_id` (`start_station_id`),
  ADD KEY `final_station_id` (`final_station_id`);

--
-- Indexes for table `tbl_route_stations`
--
ALTER TABLE `tbl_route_stations`
  ADD PRIMARY KEY (`id`),
  ADD KEY `route_id` (`route_id`),
  ADD KEY `station_id` (`station_id`);

--
-- Indexes for table `tbl_schedule`
--
ALTER TABLE `tbl_schedule`
  ADD PRIMARY KEY (`id`),
  ADD KEY `train_id` (`train_id`),
  ADD KEY `route_id` (`route_id`);

--
-- Indexes for table `tbl_schedule_stations`
--
ALTER TABLE `tbl_schedule_stations`
  ADD PRIMARY KEY (`id`),
  ADD KEY `station_id` (`int_station_id`),
  ADD KEY `schedule_id` (`schedule_id`);

--
-- Indexes for table `tbl_station`
--
ALTER TABLE `tbl_station`
  ADD PRIMARY KEY (`id`);

--
-- Indexes for table `tbl_train`
--
ALTER TABLE `tbl_train`
  ADD PRIMARY KEY (`id`);

--
-- Indexes for table `tbl_user`
--
ALTER TABLE `tbl_user`
  ADD PRIMARY KEY (`id`);

--
-- Indexes for table `temp_booking_details`
--
ALTER TABLE `temp_booking_details`
  ADD PRIMARY KEY (`id`);

--
-- AUTO_INCREMENT for dumped tables
--

--
-- AUTO_INCREMENT for table `customer_mails`
--
ALTER TABLE `customer_mails`
  MODIFY `id` int(11) NOT NULL AUTO_INCREMENT, AUTO_INCREMENT=11;

--
-- AUTO_INCREMENT for table `tbl_bookings`
--
ALTER TABLE `tbl_bookings`
  MODIFY `id` int(11) NOT NULL AUTO_INCREMENT, AUTO_INCREMENT=13;

--
-- AUTO_INCREMENT for table `tbl_customer`
--
ALTER TABLE `tbl_customer`
  MODIFY `id` int(11) NOT NULL AUTO_INCREMENT, AUTO_INCREMENT=13;

--
-- AUTO_INCREMENT for table `tbl_daily_trains`
--
ALTER TABLE `tbl_daily_trains`
  MODIFY `id` int(11) NOT NULL AUTO_INCREMENT, AUTO_INCREMENT=747;

--
-- AUTO_INCREMENT for table `tbl_loyalty_points`
--
ALTER TABLE `tbl_loyalty_points`
  MODIFY `id` int(11) NOT NULL AUTO_INCREMENT;

--
-- AUTO_INCREMENT for table `tbl_route`
--
ALTER TABLE `tbl_route`
  MODIFY `id` int(11) NOT NULL AUTO_INCREMENT, AUTO_INCREMENT=24;

--
-- AUTO_INCREMENT for table `tbl_route_stations`
--
ALTER TABLE `tbl_route_stations`
  MODIFY `id` int(11) NOT NULL AUTO_INCREMENT, AUTO_INCREMENT=30;

--
-- AUTO_INCREMENT for table `tbl_schedule`
--
ALTER TABLE `tbl_schedule`
  MODIFY `id` int(11) NOT NULL AUTO_INCREMENT, AUTO_INCREMENT=105;

--
-- AUTO_INCREMENT for table `tbl_schedule_stations`
--
ALTER TABLE `tbl_schedule_stations`
  MODIFY `id` int(11) NOT NULL AUTO_INCREMENT, AUTO_INCREMENT=42;

--
-- AUTO_INCREMENT for table `tbl_station`
--
ALTER TABLE `tbl_station`
  MODIFY `id` int(11) NOT NULL AUTO_INCREMENT, AUTO_INCREMENT=12;

--
-- AUTO_INCREMENT for table `tbl_train`
--
ALTER TABLE `tbl_train`
  MODIFY `id` int(11) NOT NULL AUTO_INCREMENT, AUTO_INCREMENT=15;

--
-- AUTO_INCREMENT for table `tbl_user`
--
ALTER TABLE `tbl_user`
  MODIFY `id` int(11) NOT NULL AUTO_INCREMENT, AUTO_INCREMENT=22;

--
-- AUTO_INCREMENT for table `temp_booking_details`
--
ALTER TABLE `temp_booking_details`
  MODIFY `id` int(11) NOT NULL AUTO_INCREMENT, AUTO_INCREMENT=6;
COMMIT;

/*!40101 SET CHARACTER_SET_CLIENT=@OLD_CHARACTER_SET_CLIENT */;
/*!40101 SET CHARACTER_SET_RESULTS=@OLD_CHARACTER_SET_RESULTS */;
/*!40101 SET COLLATION_CONNECTION=@OLD_COLLATION_CONNECTION */;
